Date,Close
2010-02-05,51.35
2010-02-08,48.21
2010-02-09,48.58
2010-02-10,48.06
2010-02-11,48.5
2010-02-15,47.97
2010-02-16,48.88
2010-02-17,49.41
2010-02-18,49.1
2010-02-19,48.63
2010-02-22,49
2010-02-23,49.37
2010-02-24,48.71
2010-02-25,48.96
2010-02-26,49.35
2010-03-02,50.38
2010-03-03,50.95
2010-03-04,51.01
2010-03-05,51.01
2010-03-08,51.28
2010-03-09,51.06
2010-03-10,51.4
2010-03-11,51.56
2010-03-12,51.47
2010-03-15,51.4
2010-03-16,52.21
2010-03-17,52.58
2010-03-18,52.49
2010-03-19,52.83
2010-03-22,52.32
2010-03-23,52.42
2010-03-25,52.76
2010-03-26,52.92
2010-03-29,52.89
2010-03-30,52.94
2010-03-31,52.62
2010-04-01,53.08
2010-04-05,53.72
2010-04-06,53.4
2010-04-07,53.43
2010-04-08,53.15
2010-04-09,53.29
2010-04-12,53.1
2010-04-13,53.1
2010-04-15,52.94
2010-04-16,52.5
2010-04-19,52.22
2010-04-20,52.17
2010-04-21,52.37
2010-04-22,52.74
2010-04-23,53.08
2010-04-26,52.6
2010-04-27,53
2010-04-28,52.13
2010-04-29,52.35
2010-04-30,52.4
2010-05-03,52.15
2010-05-04,51.46
2010-05-05,51.47
2010-05-06,51.08
2010-05-07,50.31
2010-05-10,51.96
2010-05-11,51.37
2010-05-12,51.33
2010-05-13,51.85
2010-05-14,51.12
2010-05-17,51.07
2010-05-18,50.88
2010-05-19,50.31
2010-05-20,50.46
2010-05-21,49.9
2010-05-24,50.09
2010-05-25,49.15
2010-05-26,49.59
2010-05-27,49.8
2010-05-28,50.51
2010-05-31,50.63
2010-06-01,50
2010-06-02,50.42
2010-06-03,50.99
2010-06-04,52.03
2010-06-07,50.49
2010-06-08,50.1
2010-06-09,50.24
2010-06-10,51.21
2010-06-11,51.39
2010-06-14,51.99
2010-06-15,52.33
2010-06-16,52.28
2010-06-17,52.71
2010-06-18,52.8
2010-06-21,53.52
2010-06-22,53.54
2010-06-23,53.54
2010-06-24,53.24
2010-06-25,53.38
2010-06-28,52.99
2010-06-29,52.92
2010-06-30,53.28
2010-07-01,52.56
2010-07-02,52.56
2010-07-05,52.87
2010-07-06,52.96
2010-07-07,52.51
2010-07-08,53.02
2010-07-09,53.51
2010-07-12,53.58
2010-07-13,54.44
2010-07-14,54.01
2010-07-15,54
2010-07-16,53.81
2010-07-19,53.67
2010-07-20,53.83
2010-07-21,53.9
2010-07-22,54.06
2010-07-23,54.42
2010-07-26,54.13
2010-07-27,54.79
2010-07-28,54.42
2010-07-29,54.44
2010-07-30,54.19
2010-08-02,54.67
2010-08-03,54.5
2010-08-04,54.5
2010-08-05,55.29
2010-08-06,54.82
2010-08-09,54.96
2010-08-10,54.55
2010-08-11,54.71
2010-08-12,54.67
2010-08-13,54.5
2010-08-16,54.21
2010-08-17,54.09
2010-08-18,54.63
2010-08-19,55.03
2010-08-20,55.43
2010-08-23,55.93
2010-08-24,55.63
2010-08-25,55.1
2010-08-26,54.47
2010-08-27,54.41
2010-08-30,54.33
2010-08-31,53.9
2010-09-01,54.5
2010-09-02,54.77
2010-09-03,55
2010-09-06,55.47
2010-09-07,55.7
2010-09-08,56.4
2010-09-09,56.13
2010-09-13,57.52
2010-09-14,58.03
2010-09-15,58.45
2010-09-16,58.5
2010-09-17,59.07
2010-09-20,59.87
2010-09-21,60.44
2010-09-22,59.55
2010-09-23,59.99
2010-09-24,60.02
2010-09-27,60.99
2010-09-28,60.2
2010-09-29,60.62
2010-09-30,60.1
2010-10-01,61.47
2010-10-04,61.69
2010-10-05,62.12
2010-10-06,55.33
2010-10-07,61.62
2010-10-08,61.22
2010-10-11,61.8
2010-10-12,61.21
2010-10-13,62.48
2010-10-14,61.94
2010-10-15,61.17
2010-10-18,60.74
2010-10-19,60.42
2010-10-20,60.12
2010-10-21,61.31
2010-10-22,60.71
2010-10-25,61.68
2010-10-26,61.18
2010-10-27,60.67
2010-10-28,60.7
2010-10-29,60.2
2010-11-01,62.14
2010-11-02,61.49
2010-11-03,62.27
2010-11-04,63.15
2010-11-08,63.56
2010-11-09,63.81
2010-11-10,63.36
2010-11-11,62.65
2010-11-12,62.65
2010-11-15,61.88
2010-11-16,60.54
2010-11-18,60.84
2010-11-19,60.58
2010-11-22,61.2
2010-11-23,60.58
2010-11-24,60.15
2010-11-25,59.24
2010-11-26,58.48
2010-11-29,59.41
2010-11-30,59.7
2010-12-01,59.92
2010-12-02,60.85
2010-12-03,60.7
2010-12-06,60.36
2010-12-07,60.92
2010-12-08,59.6
2010-12-09,59.17
2010-12-10,59.12
2010-12-13,59.76
2010-12-14,60.28
2010-12-15,59.9
2010-12-16,59.63
2010-12-20,60.24
2010-12-21,60.65
2010-12-22,60.5
2010-12-23,60.97
2010-12-24,60.97
2010-12-27,61.35
2010-12-28,61
2010-12-29,61
2010-12-30,61.22
2010-12-31,61.9
2011-01-03,62.1
2011-01-04,62
2011-01-05,61.53
2011-01-06,60.85
2011-01-07,59.9
2011-01-10,58.58
2011-01-11,58.53
2011-01-12,59.62
2011-01-13,58.99
2011-01-14,57.58
2011-01-17,57.34
2011-01-18,58.08
2011-01-19,57.76
2011-01-20,57.84
2011-01-21,57.8
2011-01-24,58.42
2011-01-25,58.66
2011-01-27,57.99
2011-01-28,56.33
2011-01-31,55.37
2011-02-01,54.6
2011-02-02,54.74
2011-02-03,55.83
2011-02-04,54.63
2011-02-07,54.95
2011-02-08,53.92
2011-02-09,53.44
2011-02-10,53.19
2011-02-11,53.99
2011-02-14,55.22
2011-02-15,55.62
2011-02-16,55.79
2011-02-17,56
2011-02-18,55.19
2011-02-21,55.66
2011-02-22,55.25
2011-02-23,55.25
2011-02-24,53.92
2011-02-25,53.71
2011-02-28,54.16
2011-03-01,55.81
2011-03-03,55.72
2011-03-04,56.07
2011-03-07,55.72
2011-03-08,55.7
2011-03-09,56.28
2011-03-10,56.15
2011-03-11,55.3
2011-03-14,56.06
2011-03-15,55.28
2011-03-16,56.03
2011-03-17,55.26
2011-03-18,54.64
2011-03-21,54.44
2011-03-22,55.15
2011-03-23,55.29
2011-03-24,55.63
2011-03-25,57.03
2011-03-28,57.6
2011-03-29,57.75
2011-03-30,58.33
2011-03-31,58.34
2011-04-01,58.91
2011-04-04,59.6
2011-04-05,59.4
2011-04-06,59.47
2011-04-07,59.35
2011-04-08,58.94
2011-04-11,58.43
2011-04-13,59.5
2011-04-15,58.78
2011-04-18,57.76
2011-04-19,57.42
2011-04-20,58.8
2011-04-21,59.44
2011-04-25,59.35
2011-04-26,59.49
2011-04-27,58.82
2011-04-28,58.4
2011-04-29,58.06
2011-05-02,57.69
2011-05-03,56.17
2011-05-04,55.99
2011-05-05,55.58
2011-05-06,56.24
2011-05-09,56.53
2011-05-10,56
2011-05-11,56.75
2011-05-12,55.64
2011-05-13,56.17
2011-05-16,56.4
2011-05-17,55.69
2011-05-18,55.24
2011-05-19,55.25
2011-05-20,55.9
2011-05-23,54.92
2011-05-24,55.06
2011-05-25,54.33
2011-05-26,55.17
2011-05-27,55.53
2011-05-30,55.54
2011-05-31,56.34
2011-06-01,56.55
2011-06-02,56.31
2011-06-03,55.96
2011-06-06,56.16
2011-06-07,56.37
2011-06-08,56.06
2011-06-09,56.42
2011-06-10,55.8
2011-06-13,55.9
2011-06-14,56.46
2011-06-15,55.13
2011-06-16,54.75
2011-06-17,54.56
2011-06-20,53.92
2011-06-21,53.89
2011-06-22,53.97
2011-06-23,53.92
2011-06-24,55.64
2011-06-27,56
2011-06-28,56.24
2011-06-29,56.87
2011-06-30,57.29
2011-07-01,57.1
2011-07-04,57.4
2011-07-05,57.35
2011-07-06,57.19
2011-07-07,57.81
2011-07-08,57.51
2011-07-11,57.42
2011-07-12,56.62
2011-07-13,56.6
2011-07-14,57.17
2011-07-15,56.79
2011-07-18,56.63
2011-07-19,57.13
2011-07-20,56.66
2011-07-21,56.4
2011-07-22,57.24
2011-07-25,57.82
2011-07-26,56.6
2011-07-27,56.4
2011-07-28,55.9
2011-07-29,55.71
2011-08-01,56.7
2011-08-02,55.61
2011-08-03,55.35
2011-08-04,54.36
2011-08-05,53.56
2011-08-08,52.73
2011-08-09,51.78
2011-08-10,52.94
2011-08-11,52.71
2011-08-12,52.1
2011-08-16,51.88
2011-08-17,51.68
2011-08-18,50.93
2011-08-19,49.67
2011-08-22,50.4
2011-08-23,50.45
2011-08-24,50.22
2011-08-25,49.74
2011-08-26,49.17
2011-08-29,50.37
2011-08-30,51.2
2011-09-02,51.47
2011-09-05,51.24
2011-09-06,51.65
2011-09-07,52.27
2011-09-08,52.4
2011-09-09,51.53
2011-09-12,50.49
2011-09-13,50.53
2011-09-14,51.18
2011-09-15,51.42
2011-09-16,51.62
2011-09-19,50.62
2011-09-20,51.95
2011-09-21,52.08
2011-09-22,50.42
2011-09-23,50.15
2011-09-26,49.63
2011-09-27,50.29
2011-09-28,50.31
2011-09-29,50.56
2011-09-30,50.32
2011-10-03,49.53
2011-10-04,48.71
2011-10-05,48.58
2011-10-07,49.85
2011-10-10,50.56
2011-10-11,50.49
2011-10-12,51.53
2011-10-13,52.1
2011-10-14,52.01
2011-10-17,51.53
2011-10-18,51.74
2011-10-19,51.97
2011-10-20,51.56
2011-10-21,51.19
2011-10-24,51.2
2011-10-25,52.51
2011-10-28,54.24
2011-10-31,53.88
2011-11-01,53.21
2011-11-02,52.99
2011-11-03,53.23
2011-11-04,53.41
2011-11-08,53.83
2011-11-09,53.06
2011-11-11,52.57
2011-11-14,52.28
2011-11-15,51.45
2011-11-16,51.29
2011-11-17,50.19
2011-11-18,49.88
2011-11-21,48.82
2011-11-22,49.07
2011-11-23,48.4
2011-11-24,48.49
2011-11-25,48.31
2011-11-28,49.39
2011-11-29,49.1
2011-11-30,49.13
2011-12-01,50.29
2011-12-02,51.1
2011-12-05,51.15
2011-12-07,51.19
2011-12-08,50.17
2011-12-09,49.88
2011-12-12,48.62
2011-12-13,48.79
2011-12-14,48.85
2011-12-15,48.75
2011-12-16,47.67
2011-12-19,47.78
2011-12-20,46.44
2011-12-21,47.81
2011-12-22,48.15
2011-12-23,47.88
2011-12-26,48.67
2011-12-27,48.24
2011-12-28,48.29
2011-12-29,47.51
2011-12-30,47.34
2012-01-02,47.22
2012-01-03,48.49
2012-01-04,48.38
2012-01-05,48.22
2012-01-06,48.47
2012-01-09,48.28
2012-01-10,49.35
2012-01-11,49.44
2012-01-12,48.78
2012-01-13,49.19
2012-01-16,49.17
2012-01-17,50.1
2012-01-18,50.36
2012-01-19,50.58
2012-01-20,50.94
2012-01-23,51.06
2012-01-24,51.76
2012-01-25,51.81
2012-01-27,52.46
2012-01-30,51.92
2012-01-31,52.4
2012-02-01,52.9
2012-02-02,53.26
2012-02-03,53.81
2012-02-06,54.05
2012-02-07,53.78
2012-02-08,54.11
2012-02-09,54.6
2012-02-10,54.37
2012-02-13,54.33
2012-02-14,54.67
2012-02-15,55.62
2012-02-16,55.95
2012-02-17,56.08
2012-02-21,56.63
2012-02-22,55.48
2012-02-23,55.62
2012-02-24,55.15
2012-02-27,53.96
2012-02-28,54.67
2012-02-29,55.17
2012-03-01,54.56
2012-03-02,54.62
2012-03-05,53.94
2012-03-06,53.58
2012-03-07,53.26
2012-03-09,53.43
2012-03-12,53.67
2012-03-13,54.63
2012-03-14,54.74
2012-03-15,53.94
2012-03-16,53.4
2012-03-19,53.9
2012-03-20,52.81
2012-03-21,53.84
2012-03-22,52.47
2012-03-23,52.94
2012-03-26,52.13
2012-03-27,52.56
2012-03-28,52.15
2012-03-29,52.42
2012-03-30,53.08
2012-04-02,53.51
2012-04-03,53.7
2012-04-04,53.28
2012-04-09,52.81
2012-04-10,52.88
2012-04-11,52.85
2012-04-12,53
2012-04-13,52.31
2012-04-16,52.56
2012-04-17,53.1
2012-04-18,53.08
2012-04-19,53.77
2012-04-20,53.03
2012-04-23,52.18
2012-04-24,52.4
2012-04-25,52.5
2012-04-26,52.6
2012-04-27,52.28
2012-04-30,52.58
2012-05-02,52.65
2012-05-03,52.49
2012-05-04,51.55
2012-05-07,51.72
2012-05-08,50.85
2012-05-09,50.42
2012-05-10,50.16
2012-05-11,50.11
2012-05-14,49.2
2012-05-15,49.53
2012-05-16,48.99
2012-05-17,49.28
2012-05-18,49.53
2012-05-21,49.38
2012-05-22,49.06
2012-05-23,48.97
2012-05-24,49.48
2012-05-25,49.79
2012-05-28,50
2012-05-29,50.06
2012-05-30,49.7
2012-05-31,50.17
2012-06-01,49.16
2012-06-04,49.17
2012-06-05,49.54
2012-06-06,50.35
2012-06-07,50.79
2012-06-08,51.01
2012-06-11,50.88
2012-06-12,51.49
2012-06-13,51.48
2012-06-14,50.87
2012-06-15,51.86
2012-06-18,51.13
2012-06-19,51.42
2012-06-20,51.67
2012-06-21,52.03
2012-06-22,51.92
2012-06-25,51.76
2012-06-26,51.54
2012-06-27,51.69
2012-06-28,51.67
2012-06-29,53.33
2012-07-02,53.33
2012-07-03,53.18
2012-07-04,53.42
2012-07-05,53.63
2012-07-06,53.53
2012-07-09,53.13
2012-07-10,53.44
2012-07-11,53.33
2012-07-12,52.69
2012-07-13,52.4
2012-07-16,52.58
2012-07-17,52.24
2012-07-18,52.46
2012-07-19,52.89
2012-07-20,52.6
2012-07-23,51.69
2012-07-24,51.77
2012-07-25,51.92
2012-07-26,51.15
2012-07-27,51.47
2012-07-30,52.52
2012-07-31,52.74
2012-08-01,52.88
2012-08-02,52.53
2012-08-03,52.78
2012-08-06,52.99
2012-08-07,53.47
2012-08-08,53.58
2012-08-09,53.37
2012-08-10,53.33
2012-08-13,53.78
2012-08-14,54.15
2012-08-16,53.83
2012-08-17,53.79
2012-08-21,54.42
2012-08-22,54.39
2012-08-23,54.35
2012-08-24,53.92
2012-08-27,53.75
2012-08-28,53.81
2012-08-29,53.22
2012-08-30,53.12
2012-08-31,53.08
2012-09-03,52.66
2012-09-04,53.03
2012-09-05,52.7
2012-09-06,52.68
2012-09-07,53.93
2012-09-10,54.14
2012-09-11,54.51
2012-09-12,54.49
2012-09-13,54.67
2012-09-14,56.03
2012-09-17,56.21
2012-09-18,56.19
2012-09-20,56.03
2012-09-21,57.11
2012-09-24,57.03
2012-09-25,57.14
2012-09-26,56.76
2012-09-27,56.54
2012-09-28,57.34
2012-10-01,57.53
2012-10-03,57.58
2012-10-04,58.25
2012-10-05,57.92
2012-10-08,57.01
2012-10-09,57.3
2012-10-10,56.97
2012-10-11,57.97
2012-10-12,57.51
2012-10-15,57.6
2012-10-16,56.72
2012-10-17,56.76
2012-10-18,57.74
2012-10-19,57.2
2012-10-22,57.6
2012-10-23,57.46
2012-10-25,57.74
2012-10-29,57.09
2012-10-30,56.6
2012-10-31,56.56
2012-11-01,56.99
2012-11-02,57.22
2012-11-05,57.35
2012-11-06,57.72
2012-11-07,58.12
2012-11-08,57.78
2012-11-09,57.29
2012-11-12,57.39
2012-11-15,56.76
2012-11-16,56.25
2012-11-19,56.33
2012-11-20,55.63
2012-11-21,56.4
2012-11-22,56.6
2012-11-23,56.49
2012-11-26,56.86
2012-11-27,57.87
2012-11-29,58.48
2012-11-30,59.04
2012-12-03,59.35
2012-12-04,59.24
2012-12-05,59.38
2012-12-06,59.69
2012-12-07,60
2012-12-10,59.29
2012-12-11,59.32
2012-12-12,59.22
2012-12-13,58.8
2012-12-14,59.28
2012-12-17,59.22
2012-12-18,59.25
2012-12-19,59.55
2012-12-20,59.4
2012-12-21,58.74
2012-12-24,58.99
2012-12-26,59.55
2012-12-27,59.38
2012-12-28,59.43
2012-12-31,59.6
2013-01-01,60.24
2013-01-02,60.2
2013-01-03,60.26
2013-01-04,60.26
2013-01-07,60.38
2013-01-08,60.4
2013-01-09,60.12
2013-01-10,60.32
2013-01-11,59.86
2013-01-14,60.73
2013-01-15,60.9
2013-01-16,60.47
2013-01-17,60.9
2013-01-18,61.13
2013-01-21,61.11
2013-01-22,61
2013-01-23,60.9
2013-01-24,60.53
2013-01-25,61.1
2013-01-28,61.37
2013-01-29,60.81
2013-01-30,60.83
2013-01-31,60.58
2013-02-01,60.67
2013-02-04,60.22
2013-02-05,60.15
2013-02-06,60
2013-02-07,59.5
2013-02-08,59.49
2013-02-11,59.29
2013-02-12,59.55
2013-02-13,59.9
2013-02-14,59.5
2013-02-15,59.15
2013-02-18,59.78
2013-02-19,59.77
2013-02-20,60.19
2013-02-21,59.42
2013-02-22,59.28
2013-02-25,59.28
2013-02-26,58.37
2013-02-27,59.24
2013-02-28,57.86
2013-03-01,57.99
2013-03-04,57.79
2013-03-05,58.56
2013-03-06,59.04
2013-03-07,59.49
2013-03-08,59.9
2013-03-11,59.78
2013-03-12,59.56
2013-03-13,58.46
2013-03-14,58.91
2013-03-15,58.79
2013-03-18,57.92
2013-03-19,57.29
2013-03-20,56.94
2013-03-21,56.73
2013-03-22,56.74
2013-03-25,56.47
2013-03-26,56.57
2013-03-28,56.76
2013-04-01,57.13
2013-04-02,57.47
2013-04-03,56.75
2013-04-04,56.6
2013-04-05,55.53
2013-04-08,56.31
2013-04-09,55.92
2013-04-10,56.04
2013-04-11,56.03
2013-04-12,55.35
2013-04-15,55.71
2013-04-16,56.95
2013-04-17,56.92
2013-04-18,57.53
2013-04-22,58.1
2013-04-23,58.07
2013-04-25,58.6
2013-04-26,58.39
2013-04-29,58.62
2013-04-30,58.9
2013-05-02,59.5
2013-05-03,59.2
2013-05-06,59.37
2013-05-07,60.28
2013-05-08,60.26
2013-05-09,60.06
2013-05-10,60.51
2013-05-13,59.65
2013-05-14,59.97
2013-05-15,61.26
2013-05-16,61.17
2013-05-17,61.47
2013-05-20,61.31
2013-05-21,60.74
2013-05-22,60.7
2013-05-23,59.63
2013-05-24,59.92
2013-05-27,60.77
2013-05-28,61
2013-05-29,60.67
2013-05-30,61.19
2013-05-31,60.22
2013-06-03,59.83
2013-06-04,59.42
2013-06-05,59.49
2013-06-06,59.41
2013-06-07,59.35
2013-06-10,58.99
2013-06-11,58.38
2013-06-12,58.03
2013-06-13,57.74
2013-06-14,58.47
2013-06-17,59.42
2013-06-18,58.67
2013-06-19,58.59
2013-06-20,57.28
2013-06-21,56.98
2013-06-24,56.27
2013-06-25,56.65
2013-06-26,56.46
2013-06-27,57.12
2013-06-28,58.88
2013-07-01,59.1
2013-07-02,58.94
2013-07-03,58.57
2013-07-04,58.61
2013-07-05,59.44
2013-07-08,59.03
2013-07-09,59.01
2013-07-10,58.73
2013-07-11,59.57
2013-07-12,60.2
2013-07-15,60.51
2013-07-16,60.11
2013-07-17,60.23
2013-07-18,60.53
2013-07-19,60.88
2013-07-22,60.85
2013-07-23,61.2
2013-07-24,60.33
2013-07-25,59.63
2013-07-26,59.23
2013-07-29,58.87
2013-07-30,58.28
2013-07-31,58.08
2013-08-01,57.9
2013-08-02,57.87
2013-08-05,57.56
2013-08-06,56.18
2013-08-07,56.26
2013-08-08,56.5
2013-08-12,56.92
2013-08-13,57.97
2013-08-14,57.87
2013-08-16,56.28
2013-08-19,55.06
2013-08-20,54.98
2013-08-21,54.61
2013-08-22,54.78
2013-08-23,55.06
2013-08-26,55.47
2013-08-27,53.74
2013-08-28,54.01
2013-08-29,54.36
2013-08-30,54.99
2013-09-02,55.96
2013-09-03,54.39
2013-09-04,54.96
2013-09-05,56.39
2013-09-06,57.17
2013-09-10,59.15
2013-09-11,59.52
2013-09-12,58.97
2013-09-13,59.17
2013-09-16,59.03
2013-09-17,59.09
2013-09-18,59.46
2013-09-19,61.65
2013-09-20,60.38
2013-09-23,59.67
2013-09-24,59.63
2013-09-25,59.42
2013-09-26,59.74
2013-09-27,59.19
2013-09-30,58.22
2013-10-01,58.58
2013-10-03,59.75
2013-10-04,59.8
2013-10-07,59.94
2013-10-08,60.03
2013-10-09,60.4
2013-10-10,60.85
2013-10-11,61.4
2013-10-14,61.56
2013-10-15,61.56
2013-10-17,61.02
2013-10-18,61.74
2013-10-21,62.79
2013-10-22,62.06
2013-10-23,62.15
2013-10-24,62.19
2013-10-25,62.15
2013-10-28,61.83
2013-10-29,62.76
2013-10-30,62.93
2013-10-31,63.13
2013-11-01,63.58
2013-11-05,63.21
2013-11-06,62.87
2013-11-07,62.37
2013-11-08,62.2
2013-11-11,61.58
2013-11-12,61.63
2013-11-13,60.53
2013-11-14,61.41
2013-11-18,62.38
2013-11-19,62.78
2013-11-20,61.83
2013-11-21,60.94
2013-11-22,60.64
2013-11-25,61.6
2013-11-26,61.42
2013-11-27,61.49
2013-11-28,62.08
2013-11-29,62.19
2013-12-02,62.87
2013-12-03,63.01
2013-12-04,62.6
2013-12-05,63.26
2013-12-06,63.39
2013-12-09,64.3
2013-12-10,64.1
2013-12-11,63.92
2013-12-12,63.51
2013-12-13,62.38
2013-12-16,62.1
2013-12-17,61.9
2013-12-18,62.9
2013-12-19,62.31
2013-12-20,63.21
2013-12-23,63.56
2013-12-24,63.24
2013-12-26,63.38
2013-12-27,63.78
2013-12-30,63.79
2013-12-31,64
2014-01-01,64.05
2014-01-02,62.78
2014-01-03,62.6
2014-01-06,62.71
2014-01-07,62.69
2014-01-08,62.25
2014-01-09,62.26
2014-01-10,62.39
2014-01-13,63.42
2014-01-14,63.13
2014-01-15,63.69
2014-01-16,63.79
2014-01-17,63.22
2014-01-20,63.8
2014-01-21,63.8
2014-01-22,64.04
2014-01-23,64.35
2014-01-24,63.35
2014-01-27,62.35
2014-01-28,62.2
2014-01-29,62.45
2014-01-30,61.4
2014-01-31,61.8
2014-02-03,61.49
2014-02-04,60.89
2014-02-05,61.1
2014-02-06,61.29
2014-02-07,61.5
2014-02-10,61.47
2014-02-11,61.7
2014-02-12,61.62
2014-02-13,61.04
2014-02-14,61.56
2014-02-17,62.22
2014-02-18,61.85
2014-02-19,61.92
2014-02-20,61.61
2014-02-21,62.1
2014-02-24,62.44
2014-02-25,62.78
2014-02-26,63.27
2014-02-28,63.62
2014-03-03,62.85
2014-03-04,63.56
2014-03-05,64
2014-03-06,64.61
2014-03-07,65.96
2014-03-10,65.6
2014-03-11,65
2014-03-12,65.2
2014-03-13,64.92
2014-03-14,65.11
2014-03-18,65.3
2014-03-19,65.1
2014-03-20,64.85
2014-03-21,64.88
2014-03-24,65.85
2014-03-25,65.82
2014-03-26,65.81
2014-03-27,66.19
2014-03-28,66.73
2014-03-31,67.04
2014-04-01,67.18
2014-04-02,67.61
2014-04-03,67.36
2014-04-04,67.2
2014-04-07,67
2014-04-09,67.9
2014-04-10,68.11
2014-04-11,67.68
2014-04-15,67.86
2014-04-16,67.1
2014-04-17,67.8
2014-04-21,68.3
2014-04-22,68.21
2014-04-23,68.5
2014-04-25,68.17
2014-04-28,67.97
2014-04-29,67.95
2014-04-30,67.14
2014-05-02,67.25
2014-05-05,67.31
2014-05-06,67.31
2014-05-07,67.03
2014-05-08,66.81
2014-05-09,68.97
2014-05-12,70.46
2014-05-13,70.92
2014-05-14,71.57
2014-05-15,71.65
2014-05-16,72.26
2014-05-19,72.6
2014-05-20,72.81
2014-05-21,73.19
2014-05-22,73.38
2014-05-23,73.71
2014-05-26,73.6
2014-05-27,73.08
2014-05-28,73.35
2014-05-29,73.03
2014-05-30,72.36
2014-06-02,73.94
2014-06-03,74.63
2014-06-04,74.46
2014-06-05,75.29
2014-06-06,76.16
2014-06-09,77.5
2014-06-11,77.46
2014-06-12,77.07
2014-06-13,76.25
2014-06-16,76.14
2014-06-17,76.99
2014-06-18,76.46
2014-06-19,76.19
2014-06-20,75.9
2014-06-23,75.5
2014-06-24,76.39
2014-06-25,76.1
2014-06-26,75.61
2014-06-27,75.78
2014-06-30,76.61
2014-07-01,76.8
2014-07-02,77.63
2014-07-03,77.69
2014-07-04,77.64
2014-07-07,78.39
2014-07-08,77.21
2014-07-09,76.6
2014-07-10,76.21
2014-07-11,75.13
2014-07-14,75.35
2014-07-15,75.89
2014-07-16,76.84
2014-07-17,76.92
2014-07-18,77.29
2014-07-21,77.55
2014-07-22,78.22
2014-07-23,78.64
2014-07-24,78.79
2014-07-25,78.48
2014-07-28,78.22
2014-07-30,78.31
2014-07-31,77.94
2014-08-01,77.38
2014-08-04,77.6
2014-08-05,78.43
2014-08-06,77.9
2014-08-07,77.21
2014-08-08,76.72
2014-08-11,77.16
2014-08-12,78
2014-08-13,78.31
2014-08-14,78.83
2014-08-18,79.29
2014-08-19,79.75
2014-08-20,79.6
2014-08-21,79.97
2014-08-22,80.03
2014-08-25,79.88
2014-08-26,79.99
2014-08-27,80.24
2014-08-28,80.32
2014-09-01,81.26
2014-09-02,81.89
2014-09-03,82.25
2014-09-04,81.65
2014-09-05,81.6
2014-09-08,82.58
2014-09-09,82.5
2014-09-10,82.51
2014-09-11,82.31
2014-09-12,82.21
2014-09-15,81.22
2014-09-16,80.33
2014-09-17,80.59
2014-09-18,82
2014-09-19,82.14
2014-09-22,82.64
2014-09-23,81.46
2014-09-24,81.13
2014-09-25,80.34
2014-09-26,80.93
2014-09-29,80.69
2014-09-30,80.89
2014-10-01,80.7
2014-10-07,79.37
2014-10-08,79.98
2014-10-09,80.46
2014-10-10,79.33
2014-10-13,79.7
2014-10-14,79.6
2014-10-16,78.79
2014-10-17,78.9
2014-10-20,79.58
2014-10-21,80.9
2014-10-22,80.7
2014-10-27,80.75
2014-10-28,81
2014-10-29,81.64
2014-10-30,82.82
2014-10-31,84.04
2014-11-03,84.18
2014-11-05,84.89
2014-11-07,84.63
2014-11-10,84.2
2014-11-11,84.31
2014-11-12,84.71
2014-11-13,84.43
2014-11-14,84.96
2014-11-17,85.04
2014-11-18,85
2014-11-19,84.92
2014-11-20,84.72
2014-11-21,85.54
2014-11-24,86.04
2014-11-25,85.64
2014-11-26,85.79
2014-11-27,85.92
2014-11-28,87.01
2014-12-01,86.51
2014-12-02,86.21
2014-12-03,86.31
2014-12-04,86.64
2014-12-05,86.52
2014-12-08,85.54
2014-12-09,84.63
2014-12-10,84.97
2014-12-11,83.68
2014-12-12,83.92
2014-12-15,83.35
2014-12-16,82.04
2014-12-17,81.96
2014-12-18,82.57
2014-12-19,83.43
2014-12-22,84.05
2014-12-23,83.86
2014-12-24,83.27
2014-12-26,83.09
2014-12-29,83.5
2014-12-30,83.4
2014-12-31,83.89
2015-01-01,83.97
2015-01-02,84.77
2015-01-05,84.5
2015-01-06,82.3
2015-01-07,82.38
2015-01-08,83.29
2015-01-09,83.99
2015-01-12,84.29
2015-01-13,83.95
2015-01-14,83.88
2015-01-15,85.64
2015-01-16,86.17
2015-01-19,86.43
2015-01-20,87.87
2015-01-21,88.35
2015-01-22,88.64
2015-01-23,89.19
2015-01-27,89.9
2015-01-28,89.89
2015-01-29,90.06
2015-01-30,89.31
2015-02-02,89.25
2015-02-03,88.53
2015-02-04,88.39
2015-02-05,88.19
2015-02-06,88.17
2015-02-09,86.55
2015-02-10,86.68
2015-02-11,87.32
2015-02-12,88.06
2015-02-13,89.32
2015-02-16,89.2
2015-02-18,89.78
2015-02-19,89.8
2015-02-20,88.85
2015-02-23,87.8
2015-02-24,88.05
2015-02-25,87.68
2015-02-26,87.2
2015-02-27,88.85
2015-03-02,89.97
2015-03-03,89.95
2015-03-04,89.15
2015-03-05,89.25
2015-03-09,87.88
2015-03-10,87.6
2015-03-11,87.53
2015-03-12,87.68
2015-03-13,86.68
2015-03-16,87.13
2015-03-17,87.57
2015-03-18,87.22
2015-03-19,86.85
2015-03-20,86.15
2015-03-23,85.85
2015-03-24,86.1
2015-03-25,85.9
2015-03-26,84.4
2015-03-27,83.82
2015-03-30,85.07
2015-03-31,84.97
2015-04-01,86.18
2015-04-06,86.93
2015-04-07,86.9
2015-04-08,87.2
2015-04-09,87.88
2015-04-10,88
2015-04-13,88.13
2015-04-15,87.68
2015-04-16,87.2
2015-04-17,86.45
2015-04-20,85.22
2015-04-21,84.2
2015-04-22,84.43
2015-04-23,84.4
2015-04-24,83.9
2015-04-27,82.68
2015-04-28,83.45
2015-04-29,83.15
2015-04-30,82.8
2015-05-04,83.63
2015-05-05,83.45
2015-05-06,81.39
2015-05-07,80.94
2015-05-08,82.09
2015-05-11,83.71
2015-05-12,82.13
2015-05-13,82.93
2015-05-14,82.78
2015-05-15,83.43
2015-05-18,84.07
2015-05-19,83.99
2015-05-20,84.4
2015-05-21,84.59
2015-05-22,84.46
2015-05-25,83.98
2015-05-26,83.84
2015-05-27,83.5
2015-05-28,83.8
2015-05-29,84.72
2015-06-01,84.68
2015-06-02,83.85
2015-06-03,82.14
2015-06-04,82.1
2015-06-05,81.97
2015-06-08,81.34
2015-06-09,81.08
2015-06-10,81.71
2015-06-11,80.51
2015-06-12,80.74
2015-06-15,80.96
2015-06-16,81.12
2015-06-17,81.67
2015-06-18,82.25
2015-06-19,82.97
2015-06-22,84.02
2015-06-23,84.18
2015-06-24,84.22
2015-06-25,84.51
2015-06-26,84.77
2015-06-29,83.7
2015-06-30,84.1
2015-07-01,85.26
2015-07-02,85.14
2015-07-03,85.33
2015-07-06,86.08
2015-07-07,85.56
2015-07-08,84.96
2015-07-09,84.56
2015-07-10,84.65
2015-07-13,85.04
2015-07-14,85.22
2015-07-15,85.95
2015-07-16,86.64
2015-07-17,87.18
2015-07-20,86.72
2015-07-21,86.04
2015-07-22,87.1
2015-07-23,86.52
2015-07-24,86.2
2015-07-27,84.8
2015-07-28,84.99
2015-07-29,84.6
2015-07-30,85.35
2015-07-31,86.24
2015-08-03,86.26
2015-08-04,86.57
2015-08-05,86.46
2015-08-06,86.8
2015-08-07,86.74
2015-08-10,86.39
2015-08-11,85.77
2015-08-12,84.78
2015-08-13,84.8
2015-08-14,86.2
2015-08-17,86.07
2015-08-18,85.46
2015-08-19,85.36
2015-08-20,84.62
2015-08-21,84.04
2015-08-24,79.42
2015-08-25,80.03
2015-08-26,79.5
2015-08-27,80.71
2015-08-28,81.09
2015-08-31,80.7
2015-09-01,79.69
2015-09-02,78.35
2015-09-03,79.45
2015-09-04,77.87
2015-09-07,76.76
2015-09-08,78
2015-09-09,79.39
2015-09-10,78.67
2015-09-11,78.98
2015-09-14,79.59
2015-09-15,79.18
2015-09-16,79.73
2015-09-18,80.5
2015-09-21,80.37
2015-09-22,78.9
2015-09-23,79.2
2015-09-24,80.35
2015-09-28,79.1
2015-09-29,79.16
2015-09-30,80.12
2015-10-01,80.4
2015-10-05,81.69
2015-10-06,82.11
2015-10-07,82.49
2015-10-08,82.1
2015-10-09,82.65
2015-10-12,82.27
2015-10-13,81.96
2015-10-14,81.83
2015-10-15,82.51
2015-10-16,83.17
2015-10-19,83.71
2015-10-20,83.51
2015-10-21,83.19
2015-10-23,83.67
2015-10-26,83.22
2015-10-27,83.19
2015-10-28,82.52
2015-10-29,82.44
2015-10-30,82.4
2015-11-02,81.47
2015-11-03,81.98
2015-11-04,81.73
2015-11-05,80.94
2015-11-06,81.2
2015-11-09,80.04
2015-11-10,79.43
2015-11-13,78.87
2015-11-16,79.23
2015-11-17,79.78
2015-11-18,78.54
2015-11-19,79.64
2015-11-20,79.7
2015-11-23,79.78
2015-11-24,79.34
2015-11-26,79.57
2015-11-27,80.36
2015-11-30,80.29
2015-12-01,80.29
2015-12-02,80.38
2015-12-03,79.58
2015-12-04,78.99
2015-12-07,79.03
2015-12-08,78.33
2015-12-09,77.49
2015-12-10,78
2015-12-11,77.1
2015-12-14,77.9
2015-12-15,77.83
2015-12-16,78.07
2015-12-17,79.23
2015-12-18,78.89
2015-12-21,79.22
2015-12-22,78.88
2015-12-23,79.32
2015-12-24,79.41
2015-12-28,79.8
2015-12-29,80.05
2015-12-30,80.02
2015-12-31,80.17
2016-01-01,80.53
2016-01-04,79.26
2016-01-05,78.99
2016-01-06,78.56
2016-01-07,76.93
2016-01-08,77.07
2016-01-11,76.81
2016-01-12,76.19
2016-01-13,76.59
2016-01-14,76.31
2016-01-15,75.62
2016-01-18,74.66
2016-01-19,75.04
2016-01-20,74.07
2016-01-21,73.83
2016-01-22,75.19
2016-01-25,75.47
2016-01-27,75.32
2016-01-28,75.12
2016-01-29,76.53
2016-02-01,76.46
2016-02-02,75.9
2016-02-03,74.6
2016-02-04,74.85
2016-02-05,75.58
2016-02-08,74.72
2016-02-09,73.71
2016-02-10,73.09
2016-02-11,70.83
2016-02-12,71.04
2016-02-15,72.5
2016-02-16,71.47
2016-02-17,71.58
2016-02-18,72.61
2016-02-19,72.8
2016-02-22,73.05
2016-02-23,72.07
2016-02-24,71.47
2016-02-25,70.95
2016-02-26,71.35
2016-02-29,70.79
2016-03-01,72.78
2016-03-02,74.48
2016-03-03,75.36
2016-03-04,75.7
2016-03-08,75.37
2016-03-09,76.15
2016-03-10,75.56
2016-03-11,75.7
2016-03-14,76.35
2016-03-15,75.52
2016-03-16,75.99
2016-03-17,76
2016-03-18,76.75
2016-03-21,77.9
2016-03-22,78.41
2016-03-23,78.3
2016-03-28,77.93
2016-03-29,77.37
2016-03-30,78.45
2016-03-31,79.07
2016-04-01,78.12
2016-04-04,78.58
2016-04-05,77.27
2016-04-06,77.4
2016-04-07,76.49
2016-04-08,76.73
2016-04-11,77.67
2016-04-12,78.05
2016-04-13,79.22
2016-04-18,79.97
2016-04-20,80.1
2016-04-21,79.82
2016-04-22,79.78
2016-04-25,79.49
2016-04-26,80.53
2016-04-27,80.75
2016-04-28,79.58
2016-04-29,79.43
2016-05-02,79.18
2016-05-03,78.74
2016-05-04,78.11
2016-05-05,78.76
2016-05-06,78.27
2016-05-09,79.6
2016-05-10,79.95
2016-05-11,79.24
2016-05-12,80.09
2016-05-13,79.11
2016-05-16,79.66
2016-05-17,79.72
2016-05-18,79.35
2016-05-19,78.87
2016-05-20,78.7
2016-05-23,78.47
2016-05-24,78.38
2016-05-25,80.27
2016-05-26,81.28
2016-05-27,82.38
2016-05-30,82.6
2016-05-31,82.43
2016-06-01,82.93
2016-06-02,83.52
2016-06-03,83.27
2016-06-06,83.02
2016-06-07,83.57
2016-06-08,84
2016-06-09,83.44
2016-06-10,83.09
2016-06-13,82.51
2016-06-14,82.4
2016-06-15,83.2
2016-06-16,83.04
2016-06-17,82.89
2016-06-20,83.61
2016-06-21,83.35
2016-06-22,83.15
2016-06-23,83.96
2016-06-24,82.39
2016-06-27,82.35
2016-06-28,82.35
2016-06-29,83.21
2016-06-30,84.15
2016-07-01,84.65
2016-07-04,84.81
2016-07-05,84.62
2016-07-07,84.48
2016-07-08,84.51
2016-07-11,86.01
2016-07-12,86.5
2016-07-13,86.47
2016-07-14,86.97
2016-07-15,86.7
2016-07-18,86.67
2016-07-19,86.62
2016-07-20,86.72
2016-07-21,86.51
2016-07-22,86.64
2016-07-25,87.53
2016-07-26,87.06
2016-07-27,87.6
2016-07-28,88.07
2016-07-29,88.01
2016-08-01,87.85
2016-08-02,87.73
2016-08-03,87.13
2016-08-04,87.24
2016-08-05,88.57
2016-08-08,88.59
2016-08-09,88.13
2016-08-10,87.53
2016-08-11,87.52
2016-08-12,88.2
2016-08-16,88
2016-08-17,87.63
2016-08-18,88.2
2016-08-19,88.2
2016-08-22,88
2016-08-23,87.6
2016-08-24,87.82
2016-08-25,87.56
2016-08-26,87.24
2016-08-29,87.69
2016-08-30,88.9
2016-08-31,89.56
2016-09-01,89.1
2016-09-02,89.65
2016-09-06,91.14
2016-09-07,90.8
2016-09-08,91.07
2016-09-09,90.5
2016-09-12,89.37
2016-09-14,89.3
2016-09-15,89.14
2016-09-16,89.46
2016-09-19,89.64
2016-09-20,89.5
2016-09-21,89.79
2016-09-22,90.3
2016-09-23,90.1
2016-09-26,89.35
2016-09-27,89.35
2016-09-28,89.39
2016-09-29,88.18
2016-09-30,87.7
2016-10-03,89.32
2016-10-04,89.3
2016-10-05,89.14
2016-10-06,88.6
2016-10-07,88.63
2016-10-10,88.5
2016-10-13,87.56
2016-10-14,88.01
2016-10-17,87.2
2016-10-18,88.32
2016-10-19,88.4
2016-10-20,88.54
2016-10-21,88.74
2016-10-24,88.8
2016-10-25,88.41
2016-10-26,88.23
2016-10-27,88.42
2016-10-28,88.37
2016-11-01,88.16
2016-11-02,87.29
2016-11-03,87
2016-11-04,86.33
2016-11-07,87.06
2016-11-08,88.22
2016-11-09,86.18
2016-11-10,87.29
2016-11-11,85.05
2016-11-15,83.11
2016-11-16,82.97
2016-11-17,83.07
2016-11-18,83.09
2016-11-21,81.46
2016-11-22,81.83
2016-11-23,82.09
2016-11-24,81.98
2016-11-25,82.83
2016-11-28,83.21
2016-11-29,83.43
2016-11-30,83.87
2016-12-01,83.69
2016-12-02,82.52
2016-12-05,83.15
2016-12-06,83.3
2016-12-07,83.03
2016-12-08,83.81
2016-12-09,84.17
2016-12-12,83.7
2016-12-13,83.86
2016-12-14,83.32
2016-12-15,83.28
2016-12-16,83.15
2016-12-19,83.04
2016-12-20,82.52
2016-12-21,82.44
2016-12-22,81.95
2016-12-23,81.82
2016-12-26,80.85
2016-12-27,81.77
2016-12-28,81.71
2016-12-29,82.42
2016-12-30,83.54
2017-01-02,83.51
2017-01-03,83.69
2017-01-04,83.6
2017-01-05,84.41
2017-01-06,84.16
2017-01-09,84.15
2017-01-10,84.48
2017-01-11,85.35
2017-01-12,85.6
2017-01-13,85.59
2017-01-16,85.79
2017-01-17,85.55
2017-01-18,85.92
2017-01-19,85.96
2017-01-20,85.29
2017-01-23,85.3
2017-01-24,86.27
2017-01-25,87.34
2017-01-27,87.95
2017-01-30,87.87
2017-01-31,87.27
2017-02-01,88.76
2017-02-02,88.84
2017-02-03,89.1
2017-02-06,89.54
2017-02-07,89.37
2017-02-08,89.34
2017-02-09,89.46
2017-02-10,89.7
2017-02-13,89.45
2017-02-14,89.65
2017-02-15,89.03
2017-02-16,89.51
2017-02-17,89.98
2017-02-20,90.42
2017-02-21,90.8
2017-02-22,90.92
2017-02-23,91.29
2017-02-27,90.81
2017-02-28,90.67
2017-03-01,91.34
2017-03-02,91.11
2017-03-03,90.8
2017-03-06,91.44
2017-03-07,91.25
2017-03-08,91.21
2017-03-09,91.61
2017-03-10,91.48
2017-03-14,92.66
2017-03-15,92.75
2017-03-16,93.4
2017-03-17,93.45
2017-03-20,93.2
2017-03-21,93.23
2017-03-22,92.4
2017-03-23,93
2017-03-24,93.25
2017-03-27,92.61
2017-03-28,92.81
2017-03-29,93.19
2017-03-30,94
2017-03-31,93.56
2017-04-03,94.44
2017-04-05,94.44
2017-04-06,94.47
2017-04-07,93.93
2017-04-10,94
2017-04-11,94.29
2017-04-12,94.21
2017-04-13,93.53
2017-04-17,93.21
2017-04-18,92.94
2017-04-19,92.81
2017-04-20,93.29
2017-04-21,93.2
2017-04-24,94.03
2017-04-25,94.89
2017-04-26,95.42
2017-04-27,95.5
2017-04-28,95.05
2017-05-02,94.99
2017-05-03,94.98
2017-05-04,95.47
2017-05-05,94.75
2017-05-08,94.98
2017-05-09,95.22
2017-05-10,96
2017-05-11,96.09
2017-05-12,95.86
2017-05-15,96.2
2017-05-16,97.01
2017-05-17,97.13
2017-05-18,96.29
2017-05-19,96.21
2017-05-22,96.3
2017-05-23,95.7
2017-05-24,95.44
2017-05-25,97
2017-05-26,97.86
2017-05-29,97.92
2017-05-30,98.24
2017-05-31,98.44
2017-06-01,98.21
2017-06-02,98.6
2017-06-05,99.09
2017-06-06,98.54
2017-06-07,98.8
2017-06-08,98.76
2017-06-09,98.84
2017-06-12,98.4
2017-06-13,98.51
2017-06-14,98.43
2017-06-15,98.01
2017-06-16,98.11
2017-06-19,98.78
2017-06-20,98.81
2017-06-21,98.6
2017-06-22,98.68
2017-06-23,98.15
2017-06-27,97.29
2017-06-28,97.31
2017-06-29,97.9
2017-06-30,97.62
2017-07-03,98.17
2017-07-04,98.43
2017-07-05,98.65
2017-07-06,99.4
2017-07-07,99.05
2017-07-10,99.71
2017-07-11,100.24
2017-07-12,100.46
2017-07-13,101.4
2017-07-14,100.58
2017-07-17,101.77
2017-07-18,101
2017-07-19,101.61
2017-07-20,101.42
2017-07-21,101.65
2017-07-24,101.78
2017-07-25,102.17
2017-07-26,102.8
2017-07-27,103.03
2017-07-28,103.03
2017-07-31,103.3
2017-08-01,103.91
2017-08-02,103.43
2017-08-03,103.01
2017-08-04,103.65
2017-08-07,103.27
2017-08-08,102.89
2017-08-09,102.03
2017-08-10,100.6
2017-08-11,99.93
2017-08-14,100.45
2017-08-16,102
2017-08-17,102
2017-08-18,101.54
2017-08-21,100.55
2017-08-22,100.72
2017-08-23,101.21
2017-08-24,101.51
2017-08-28,101.84
2017-08-29,101.07
2017-08-30,101.9
2017-08-31,101.64
2017-09-01,102.69
2017-09-04,102.02
2017-09-05,102.62
2017-09-06,102.11
2017-09-07,102.2
2017-09-08,102.05
2017-09-11,102.82
2017-09-12,103.72
2017-09-13,103.51
2017-09-14,103.78
2017-09-15,103.59
2017-09-18,104.41
2017-09-19,104.29
2017-09-20,104.26
2017-09-21,104.35
2017-09-22,102.82
2017-09-25,101.74
2017-09-26,101.53
2017-09-27,100.31
2017-09-28,100.6
2017-09-29,101.21
2017-10-03,101.35
2017-10-04,102.02
2017-10-05,101.65
2017-10-06,103.02
2017-10-09,102.7
2017-10-10,103.05
2017-10-11,102.84
2017-10-12,103.78
2017-10-13,104.88
2017-10-16,105.69
2017-10-17,105.48
2017-10-18,105.09
2017-10-19,104.82
2017-10-23,104.74
2017-10-24,105.28
2017-10-25,106.07
2017-10-26,106.44
2017-10-27,106.24
2017-10-30,106.8
2017-10-31,106.44
2017-11-01,107.42
2017-11-02,107.22
2017-11-03,107.72
2017-11-06,107.65
2017-11-07,106.98
2017-11-08,106.36
2017-11-09,106.15
2017-11-10,106.45
2017-11-13,105.77
2017-11-14,105.19
2017-11-15,104.49
2017-11-16,105.49
2017-11-17,106.1
2017-11-20,105.97
2017-11-21,106.25
2017-11-22,106.45
2017-11-23,106.6
2017-11-24,107
2017-11-27,106.95
2017-11-28,106.62
2017-11-29,106.7
2017-11-30,105.61
2017-12-01,104.59
2017-12-04,104.68
2017-12-05,104.61
2017-12-06,104
2017-12-07,105.1
2017-12-08,105.83
2017-12-11,106.4
2017-12-12,105.43
2017-12-13,105
2017-12-14,105.65
2017-12-15,106.56
2017-12-18,106.89
2017-12-19,107.72
2017-12-20,107.46
2017-12-21,107.43
2017-12-22,108.04
2017-12-26,108.32
2017-12-27,108.06
2017-12-28,107.85
2017-12-29,108.39
2018-01-01,108.4
2018-01-02,107.43
2018-01-03,107.45
2018-01-04,108.26
2018-01-05,108.77
2018-01-08,109.33
2018-01-09,109.38
2018-01-10,109.79
2018-01-11,110.06
2018-01-12,110.11
2018-01-15,110.99
2018-01-16,110.22
2018-01-17,111.22
2018-01-18,111.33
2018-01-19,112.27
2018-01-22,112.93
2018-01-23,114.12
2018-01-24,114.01
2018-01-25,114
2018-01-29,114.75
2018-01-30,114.1
2018-01-31,113.46
2018-02-01,113.76
2018-02-02,110.78
2018-02-05,110.51
2018-02-06,108.22
2018-02-07,108.39
2018-02-08,109.29
2018-02-09,108.21
2018-02-12,109.02
2018-02-14,108.61
2018-02-15,109.21
2018-02-16,108.16
2018-02-19,107.21
2018-02-20,106.84
2018-02-21,108.11
2018-02-22,107.45
2018-02-23,108.21
2018-02-26,109.21
2018-02-27,108.92
2018-02-28,108.6
2018-03-01,107.86
2018-03-05,107.16
2018-03-06,106.15
2018-03-07,105.05
2018-03-08,105.82
2018-03-09,105.61
2018-03-12,107.48
2018-03-13,108
2018-03-14,107.59
2018-03-15,107.35
2018-03-16,105.69
2018-03-19,104.82
2018-03-20,104.73
2018-03-21,105.25
2018-03-22,104.47
2018-03-23,103.49
2018-03-26,104.71
2018-03-27,105.48
2018-03-28,105.01
2018-04-02,105.5
2018-04-03,105.8
2018-04-04,105.15
2018-04-05,106.57
2018-04-06,107.22
2018-04-09,107.29
2018-04-10,107.54
2018-04-11,107.63
2018-04-12,108.2
2018-04-13,108.41
2018-04-16,109.09
2018-04-17,109.01
2018-04-18,109.28
2018-04-19,109.13
2018-04-20,109.35
2018-04-23,109.75
2018-04-24,110
2018-04-25,109.36
2018-04-26,109.76
2018-04-27,110.39
2018-04-30,111.05
2018-05-02,111.24
2018-05-03,110.32
2018-05-04,110.2
2018-05-07,110.7
2018-05-08,110.76
2018-05-09,111.27
2018-05-10,111.22
2018-05-11,111.6
2018-05-14,112
2018-05-15,111.94
2018-05-16,111.21
2018-05-17,110.28
2018-05-18,109.57
2018-05-21,108.72
2018-05-22,109.37
2018-05-23,108.05
2018-05-24,108.9
2018-05-25,109.9
2018-05-28,110.71
2018-05-29,109.99
2018-05-30,110.26
2018-05-31,111.56
2018-06-01,110.63
2018-06-04,110.51
2018-06-05,110.21
2018-06-06,110.93
2018-06-07,111.71
2018-06-08,111.76
2018-06-11,112.08
2018-06-12,112.6
2018-06-13,112.48
2018-06-14,112.43
2018-06-15,112.24
2018-06-18,112.17
2018-06-19,111.58
2018-06-20,111.65
2018-06-21,111.35
2018-06-22,112.57
2018-06-25,112.02
2018-06-26,112.09
2018-06-27,110.68
2018-06-28,110.43
2018-06-29,111
2018-07-02,110.82
2018-07-03,111.6
2018-07-04,112.1
2018-07-05,111.92
2018-07-06,111.8
2018-07-09,113.34
2018-07-10,113.73
2018-07-11,113.8
2018-07-12,114.82
2018-07-13,114.4
2018-07-16,113.49
2018-07-17,114.57
2018-07-18,114.08
2018-07-19,114.18
2018-07-20,114.92
2018-07-23,115.2
2018-07-24,115.85
2018-07-25,115.71
2018-07-26,116.06
2018-07-27,117.41
2018-07-30,118.15
2018-07-31,118.26
2018-08-01,118.2
2018-08-02,117.15
2018-08-03,118.43
2018-08-06,118.4
2018-08-07,118.95
2018-08-08,119.18
2018-08-09,119.33
2018-08-10,118.89
2018-08-13,118.39
2018-08-14,119.48
2018-08-16,118.99
2018-08-17,119.57
2018-08-20,120.22
2018-08-21,120.5
2018-08-23,120.89
2018-08-24,120.33
2018-08-27,121.65
2018-08-28,122.48
2018-08-29,121.93
2018-08-30,121.79
2018-08-31,122.16
2018-09-03,120.96
2018-09-04,120.43
2018-09-05,119.92
2018-09-06,120.14
2018-09-07,121.17
2018-09-10,119.65
2018-09-11,118.13
2018-09-12,118.49
2018-09-14,119.94
2018-09-17,118.68
2018-09-18,117.99
2018-09-19,117
2018-09-21,116.67
2018-09-24,114.88
2018-09-25,115.55
2018-09-26,115.75
2018-09-27,114.88
2018-09-28,114.54
2018-10-01,115.06
2018-10-03,113.47
2018-10-04,111.06
2018-10-05,108.01
2018-10-08,108.03
2018-10-09,107.85
2018-10-10,109.19
2018-10-11,107.02
2018-10-12,109.42
2018-10-15,110.07
2018-10-16,110.41
2018-10-17,109.38
2018-10-19,107.49
2018-10-22,107.16
2018-10-23,106.19
2018-10-24,107.2
2018-10-25,106.08
2018-10-26,104.89
2018-10-29,106.97
2018-10-30,106.8
2018-10-31,108.4
2018-11-01,108.59
2018-11-02,110.43
2018-11-05,110.09
2018-11-06,110.13
2018-11-07,110.82
2018-11-09,110.88
2018-11-12,109.93
2018-11-13,110.65
2018-11-14,110.39
2018-11-15,111.02
2018-11-16,111.46
2018-11-19,112.18
2018-11-20,111.17
2018-11-21,110.93
2018-11-22,110.39
2018-11-26,111.31
2018-11-27,111.49
2018-11-28,111.7
2018-11-29,113.42
2018-11-30,113.8
2018-12-03,114.04
2018-12-04,113.57
2018-12-05,112.55
2018-12-06,110.98
2018-12-07,111.78
2018-12-10,109.89
2018-12-11,110.59
2018-12-12,111.97
2018-12-13,112.54
2018-12-14,113.12
2018-12-17,113.78
2018-12-18,113.74
2018-12-19,114.4
2018-12-20,114.26
2018-12-21,112.62
2018-12-24,111.74
2018-12-26,112.36
2018-12-27,112.98
2018-12-28,113.52
2018-12-31,113.43
2019-01-01,113.99
2019-01-02,112.66
2019-01-03,111.98
2019-01-04,112.61
2019-01-07,112.45
2019-01-08,112.9
2019-01-09,113.24
2019-01-10,113.37
2019-01-11,113.05
2019-01-14,112
2019-01-15,113.6
2019-01-16,114.06
2019-01-17,114.12
2019-01-18,114
2019-01-21,114.8
2019-01-22,114.01
2019-01-23,113.62
2019-01-24,113.39
2019-01-25,112.83
2019-01-28,111.78
2019-01-29,111.57
2019-01-30,111.41
2019-01-31,113.6
2019-02-01,113.74
2019-02-04,113.91
2019-02-05,114.57
2019-02-06,115.9
2019-02-07,116.03
2019-02-08,114.53
2019-02-11,114.32
2019-02-12,113.62
2019-02-14,112.67
2019-02-15,112.7
2019-02-18,111.6
2019-02-19,111.24
2019-02-20,112.45
2019-02-21,112.75
2019-02-22,113.1
2019-02-25,113.67
2019-02-26,113.81
2019-02-27,113.57
2019-02-28,113.38
2019-03-01,114.13
2019-03-05,115.09
2019-03-06,115.46
2019-03-07,115.97
2019-03-08,115.51
2019-03-11,116.94
2019-03-12,118.46
2019-03-13,118.84
2019-03-14,118.68
2019-03-15,119.75
2019-03-18,120.11
2019-03-19,120.67
2019-03-20,121.07
2019-03-22,119.79
2019-03-25,119.08
2019-03-26,120.6
2019-03-27,119.76
2019-03-28,120.97
2019-04-01,122.41
2019-04-02,122.51
2019-04-03,122.31
2019-04-04,121.86
2019-04-05,122.29
2019-04-08,121.57
2019-04-09,122.68
2019-04-10,121.46
2019-04-11,121.43
2019-04-12,122.39
2019-04-15,122.37
2019-04-16,123.47
2019-04-18,123.44
2019-04-22,121.83
2019-04-23,121.73
2019-04-24,122.74
2019-04-25,122.63
2019-04-26,123.78
2019-04-30,123.03
2019-05-02,123.13
2019-05-03,121.94
2019-05-06,121.85
2019-05-07,120.88
2019-05-08,119.47
2019-05-09,118.54
2019-05-10,118.59
2019-05-13,117.19
2019-05-14,117.88
2019-05-15,117.26
2019-05-16,118.52
2019-05-17,119.79
2019-05-20,123.76
2019-05-21,123.08
2019-05-22,123.43
2019-05-23,122.32
2019-05-24,124.47
2019-05-27,125.11
2019-05-28,125.02
2019-05-29,124.77
2019-05-30,125.18
2019-05-31,125.22
2019-06-03,126.61
2019-06-04,126.56
2019-06-06,124.68
2019-06-07,124.65
2019-06-10,125.45
2019-06-11,125.94
2019-06-12,125.46
2019-06-13,125.01
2019-06-14,124.56
2019-06-17,123.06
2019-06-18,123.04
2019-06-19,122.95
2019-06-20,124.35
2019-06-21,123.71
2019-06-24,123.47
2019-06-25,124
2019-06-26,124.81
2019-06-27,124.77
2019-06-28,124.19
2019-07-01,124.68
2019-07-02,125.01
2019-07-03,125.74
2019-07-04,125.94
2019-07-05,124.64
2019-07-08,122.09
2019-07-09,121.92
2019-07-10,121.25
2019-07-11,122.19
2019-07-12,121.85
2019-07-15,122.04
2019-07-16,123.08
2019-07-17,123.32
2019-07-18,122.47
2019-07-19,120.72
2019-07-22,119.89
2019-07-23,119.56
2019-07-24,119.28
2019-07-25,119.22
2019-07-26,119.35
2019-07-29,118.22
2019-07-30,117.21
2019-07-31,117.7
2019-08-01,116.13
2019-08-02,116.4
2019-08-05,115.1
2019-08-06,116.02
2019-08-07,114.87
2019-08-08,116.77
2019-08-09,117.7
2019-08-13,115.74
2019-08-14,116.74
2019-08-16,117.07
2019-08-19,117.16
2019-08-20,116.79
2019-08-21,115.68
2019-08-22,113.74
2019-08-23,114.76
2019-08-26,117.28
2019-08-27,117.55
2019-08-28,116.95
2019-08-29,116.08
2019-08-30,116.65
2019-09-03,114.46
2019-09-04,114.87
2019-09-05,115
2019-09-06,115.93
2019-09-09,116.43
2019-09-11,116.79
2019-09-12,116.35
2019-09-13,117.45
2019-09-16,116.35
2019-09-17,114.65
2019-09-18,114.89
2019-09-19,113.55
2019-09-20,119.33
2019-09-23,122.3
2019-09-24,122.69
2019-09-25,121.3
2019-09-26,122.57
2019-09-27,121.93
2019-09-30,121.58
2019-10-01,120.61
2019-10-03,119.93
2019-10-04,118.32
2019-10-07,117.42
2019-10-09,119.44
2019-10-10,118.76
2019-10-11,119.58
2019-10-14,119.77
2019-10-15,120.91
2019-10-16,121.12
2019-10-17,122.44
2019-10-18,123.54
2019-10-22,122.6
2019-10-23,122.97
2019-10-24,122.76
2019-10-25,122.63
2019-10-27,123.46
2019-10-29,124.71
2019-10-30,125.29
2019-10-31,125.37
2019-11-01,126
2019-11-04,126.28
2019-11-05,126.06
2019-11-06,126.7
2019-11-07,127.05
2019-11-08,126.09
2019-11-11,126.32
2019-11-13,125.71
2019-11-14,125.58
2019-11-15,125.88
2019-11-18,125.76
2019-11-19,126.51
2019-11-20,126.86
2019-11-21,126.6
2019-11-22,126.33
2019-11-25,127.71
2019-11-26,127.55
2019-11-27,127.82
2019-11-28,128.49
2019-11-29,127.56
2019-12-02,127.68
2019-12-03,127.19
2019-12-04,127.41
2019-12-05,127.24
2019-12-06,126.33
2019-12-09,126.28
2019-12-10,125.93
2019-12-11,126.23
2019-12-12,126.96
2019-12-13,127.94
2019-12-16,127.72
2019-12-17,128.5
2019-12-18,129.29
2019-12-19,12.99
2019-12-20,13.01
2019-12-23,129.94
2019-12-24,129.45
2019-12-26,128.8
2019-12-27,129.79
2019-12-30,130.27
2019-12-31,129.19
2020-01-01,129.02
2020-01-02,130.24
2020-01-03,129.59
2020-01-06,127.35
2020-01-07,127.88
2020-01-08,127.56
2020-01-09,129.37
2020-01-10,129.69
2020-01-13,130.43
2020-01-14,130.93
2020-01-15,130.93
2020-01-16,130.98
2020-01-17,131
2020-01-20,129.79
2020-01-21,129.15
2020-01-22,128.55
2020-01-23,129.3
2020-01-24,130.11
2020-01-27,128.68
2020-01-28,128.12
2020-01-29,128.82
2020-01-30,127.82
2020-01-31,127.09
2020-02-03,124.3
2020-02-04,126.8
2020-02-05,127.86
2020-02-06,128.92
2020-02-07,128.18
2020-02-10,127.78
2020-02-11,128.32
2020-02-12,129.27
2020-02-13,129.24
2020-02-14,128.28
2020-02-17,127.94
2020-02-18,127.23
2020-02-19,128.52
2020-02-20,128.39
2020-02-24,125.83
2020-02-25,125.39
2020-02-26,124.11
2020-02-27,123.49
2020-02-28,119.44
2020-03-02,118.65
2020-03-03,120.49
2020-03-04,119.52
2020-03-05,119.87
2020-03-06,117.26
2020-03-09,111.68
2020-03-11,111.39
2020-03-12,103.06
2020-03-13,106.02
2020-03-16,102.18
2020-03-17,98.48
2020-03-18,96.27
2020-03-19,89.46
2020-03-20,93.08
2020-03-23,84.04
2020-03-24,85.1
2020-03-25,89.47
2020-03-26,93.59
2020-03-27,91.25
2020-03-30,89.14
2020-03-31,91.73
2020-04-01,89.32
2020-04-03,86.65
2020-04-07,92.4
2020-04-08,92.72
2020-04-09,96.19
2020-04-13,95.68
2020-04-15,95.23
2020-04-16,95.61
2020-04-17,98.17
2020-04-20,97.99
2020-04-21,95.57
2020-04-22,97.47
2020-04-23,98.71
2020-04-24,97.14
2020-04-27,98.46
2020-04-28,99.37
2020-04-29,101.14
2020-04-30,104.19
2020-05-04,98.79
2020-05-05,97.72
2020-05-06,98.49
2020-05-07,97.5
2020-05-08,98.12
2020-05-11,98.26
2020-05-12,97.81
2020-05-13,99.72
2020-05-14,97.39
2020-05-15,97.07
2020-05-18,93.93
2020-05-19,94.04
2020-05-20,96.34
2020-05-21,96.68
2020-05-22,96.06
2020-05-26,96.23
2020-05-27,98.5
2020-05-28,100.4
2020-05-29,101.4
2020-06-01,104.44
2020-06-02,105.92
2020-06-03,105.71
2020-06-04,106.21
2020-06-05,107.71
2020-06-08,108
2020-06-09,106.8
2020-06-10,107.8
2020-06-11,105.33
2020-06-12,105.73
2020-06-15,104.61
2020-06-16,105.16
2020-06-17,104.87
2020-06-18,106.91
2020-06-19,108.88
2020-06-22,109.54
2020-06-23,111.01
2020-06-24,109.01
2020-06-25,109.08
2020-06-26,110.23
2020-06-29,109.78
2020-06-30,109.48
2020-07-01,111.03
2020-07-02,112.08
2020-07-03,112.56
2020-07-06,114.25
2020-07-07,114.61
2020-07-08,113.98
2020-07-09,115.04
2020-07-10,114.51
2020-07-13,114.79
2020-07-14,112.92
2020-07-15,113.51
2020-07-16,114
2020-07-17,115.72
2020-07-20,116.96
2020-07-21,118.57
2020-07-22,118.13
2020-07-23,119.04
2020-07-24,118.97
2020-07-27,118.38
2020-07-28,119.97
2020-07-29,119.38
2020-07-30,118.09
2020-07-31,118.05
2020-08-03,116.14
2020-08-04,117.91
2020-08-05,118
2020-08-06,119.14
2020-08-07,119.33
2020-08-10,120.08
2020-08-11,120.33
2020-08-12,120.25
2020-08-13,120.47
2020-08-14,119.4
2020-08-17,119.9
2020-08-18,120.89
2020-08-19,121.23
2020-08-20,120.38
2020-08-21,121.14
2020-08-24,121.93
2020-08-25,122.07
2020-08-26,122.69
2020-08-27,122.9
2020-08-28,123.96
2020-08-31,121.25
2020-09-01,122.07
2020-09-02,122.9
2020-09-03,122.66
2020-09-04,121.09
2020-09-07,121.65
2020-09-08,120.82
2020-09-09,120.42
2020-09-10,121.9
2020-09-11,122.12
2020-09-14,122.17
2020-09-15,122.89
2020-09-16,123.59
2020-09-17,122.71
2020-09-18,122.72
2020-09-21,119.94
2020-09-22,119.01
2020-09-23,118.99
2020-09-24,115.83
2020-09-25,117.79
2020-09-28,119.9
2020-09-29,119.8
2020-09-30,119.91
2020-10-01,121.68
2020-10-05,122.36
2020-10-06,124.03
2020-10-07,124.78
2020-10-08,125.99
2020-10-09,126.86
2020-10-12,127.01
2020-10-13,126.96
2020-10-14,127.43
2020-10-15,124.73
2020-10-16,125.62
2020-10-19,126.76
2020-10-20,126.68
2020-10-21,126.99
2020-10-22,126.67
2020-10-23,127.04
2020-10-26,125.92
2020-10-27,126.7
2020-10-28,125.43
2020-10-29,124.74
2020-10-30,124.56
2020-11-02,124.42
2020-11-03,125.97
2020-11-04,126.89
2020-11-05,129.02
2020-11-06,130.57
2020-11-09,132.73
2020-11-10,134.61
2020-11-11,135.81
2020-11-12,135.34
2020-11-13,135.75
2020-11-14,136.39
2020-11-17,137.43
2020-11-18,137.8
2020-11-19,136.24
2020-11-20,137.07
2020-11-23,137.78
2020-11-24,139.32
2020-11-25,137.38
2020-11-26,138.42
2020-11-27,138.32
2020-12-01,139.8
2020-12-02,139.89
2020-12-03,140.13
2020-12-04,141.29
2020-12-07,142.22
2020-12-08,142.91
2020-12-09,144.41
2020-12-10,143.76
2020-12-11,144.01
2020-12-14,144.33
2020-12-15,144.5
2020-12-16,145.93
2020-12-17,146.51
2020-12-18,147
2020-12-21,142.39
2020-12-22,143.88
2020-12-23,145.04
2020-12-24,146.51
2020-12-28,147.87
2020-12-29,148.75
2020-12-30,149.27
2020-12-31,149.33
2021-01-01,149.54
2021-01-04,150.71
2021-01-05,151.28
2021-01-06,151.3
2021-01-07,151.24
2021-01-08,153
2021-01-11,154.34
2021-01-12,155.22
2021-01-13,155.63
2021-01-14,155.66
2021-01-15,154.06
2021-01-18,152.5
2021-01-19,155.49
2021-01-20,156.66
2021-01-21,156.11
2021-01-22,153.99
2021-01-25,152.52
2021-01-27,149.49
2021-01-28,147.98
2021-01-29,146.21
2021-02-01,152.57
2021-02-02,156.06
2021-02-03,157.73
2021-02-04,158.72
2021-02-05,159
2021-02-08,161.15
2021-02-09,161.24
2021-02-10,161.5
2021-02-11,161.93
2021-02-12,162.09
2021-02-15,163.93
2021-02-16,163.5
2021-02-17,162.63
2021-02-18,161.93
2021-02-19,160.42
2021-02-22,156.89
2021-02-23,157.45
2021-02-24,160.42
2021-02-25,161.8
2021-02-26,153.82
2021-03-01,158.09
2021-03-02,159.46
2021-03-03,163.05
2021-03-04,161.19
2021-03-05,159.86
2021-03-08,159.97
2021-03-09,161.54
2021-03-10,162.13
2021-03-12,160.71
2021-03-15,159.85
2021-03-16,159.79
2021-03-17,157.96
2021-03-18,156.19
2021-03-19,157.92
2021-03-22,157.36
2021-03-23,158.34
2021-03-24,156.14
2021-03-25,153.99
2021-03-26,155.2
2021-03-30,158.54
2021-03-31,157.27
2021-04-01,158.64
2021-04-05,157.01
2021-04-06,157.37
2021-04-07,158.85
2021-04-08,158.89
2021-04-09,158.82
2021-04-12,154.22
2021-04-13,155.48
2021-04-15,155.95
2021-04-16,156.29
2021-04-19,153.98
2021-04-20,153.41
2021-04-22,154.32
2021-04-23,153.8
2021-04-26,155.35
2021-04-27,156.76
2021-04-28,158.88
2021-04-29,159.13
2021-04-30,156.99
2021-05-03,156.92
2021-05-04,155.65
2021-05-05,156.73
2021-05-06,157.55
2021-05-07,158.48
2021-05-10,159.62
2021-05-11,158.99
2021-05-12,157.72
2021-05-14,157.48
2021-05-17,159.45
2021-05-18,161.34
2021-05-19,160.73
2021-05-20,159.63
2021-05-21,162.06
2021-05-24,162.25
2021-05-25,162.54
2021-05-26,163.39
2021-05-27,164.11
2021-05-28,164.96
2021-05-31,166.78
2021-06-01,166.93
2021-06-02,167.18
2021-06-03,168.15
2021-06-04,168.58
2021-06-07,168.54
2021-06-08,168.63
2021-06-09,167.5
2021-06-10,168.54
2021-06-11,169.34
2021-06-14,169.51
2021-06-15,170.23
2021-06-16,169.51
2021-06-17,168.79
2021-06-18,168.7
2021-06-21,169.03
2021-06-22,169.4
2021-06-23,168.69
2021-06-24,169.55
2021-06-25,170.38
2021-06-28,169.94
2021-06-29,169.31
2021-06-30,169.06
2021-07-01,168.88
2021-07-02,169.29
2021-07-05,170.17
2021-07-06,170.12
2021-07-07,170.59
2021-07-08,169.34
2021-07-09,169.1
2021-07-12,169.02
2021-07-13,170.14
2021-07-14,170.59
2021-07-15,171.28
2021-07-16,171.35
2021-07-19,169.73
2021-07-20,168.58
2021-07-22,170.23
2021-07-23,170.55
2021-07-26,170.22
2021-07-27,169.63
2021-07-28,169.5
2021-07-29,169.9
2021-07-30,169.8
2021-08-02,170.95
2021-08-03,173.26
2021-08-04,174.67
2021-08-05,174.7
2021-08-06,174.8
2021-08-09,175.3
2021-08-10,175.62
2021-08-11,175.39
2021-08-12,176.12
2021-08-13,177.9
2021-08-16,178.53
2021-08-17,178.86
2021-08-18,178.69
2021-08-20,177.28
2021-08-23,178.11
2021-08-24,179.5
2021-08-25,179.44
2021-08-26,179.55
2021-08-27,180.17
2021-08-30,182.59
2021-08-31,184.47
2021-09-01,184.36
2021-09-02,185.9
2021-09-03,186.72
2021-09-06,187.59
2021-09-07,187.01
2021-09-08,187.19
2021-09-09,187.38
2021-09-13,187.19
2021-09-14,187.49
2021-09-15,189.07
2021-09-16,190.13
2021-09-17,189.99
2021-09-20,187.48
2021-09-21,189.79
2021-09-22,189.57
2021-09-23,192.33
2021-09-24,192.53
2021-09-27,192.7
2021-09-28,191.46
2021-09-29,191.25
2021-09-30,190.24
2021-10-01,189.26
2021-10-04,190.91
2021-10-05,192.24
2021-10-06,190.19
2021-10-07,191.69
2021-10-08,192.54
2021-10-11,192.97
2021-10-12,193.7
2021-10-13,195.54
2021-10-14,197.3
2021-10-18,198.87
2021-10-19,198.52
2021-10-20,197.46
2021-10-21,195.93
2021-10-22,195.74
2021-10-25,195.78
2021-10-26,197.33
2021-10-27,196.5
2021-10-28,193.51
2021-10-29,191.27
2021-11-01,193.83
2021-11-02,193.22
2021-11-03,192.68
2021-11-04,193.55
2021-11-08,195.35
2021-11-09,194.81
2021-11-10,194.7
2021-11-11,193.27
2021-11-12,195.39
2021-11-15,195.44
2021-11-16,194.48
2021-11-17,193.56
2021-11-18,192.14
2021-11-22,188.55
2021-11-23,189.22
2021-11-24,188.32
2021-11-25,189.46
2021-11-26,184.57
2021-11-29,184.59
2021-11-30,183.74
2021-12-01,185.64
2021-12-02,187.97
2021-12-03,185.97
2021-12-06,183.05
2021-12-07,185.74
2021-12-08,188.39
2021-12-09,189.16
2021-12-10,189.05
2021-12-13,187.86
2021-12-14,187.27
2021-12-15,186.18
2021-12-16,186.52
2021-12-17,183.82
2021-12-20,180.02
2021-12-21,180.26
2021-12-22,183.35
2021-12-23,183.99
2021-12-24,183.39
2021-12-27,184.5
2021-12-28,186.1
2021-12-29,185.94
2021-12-30,186.21
2021-12-31,187.67
2022-01-03,190.66
2022-01-04,192.39
2022-01-05,193.13
2022-01-06,191.83
2022-01-07,192.36
2022-01-10,194.38
2022-01-11,194.65
2022-01-12,196.2
2022-01-13,197.01
2022-01-14,197.28
2022-01-17,198.01
2022-01-18,195.98
2022-01-19,194.14
2022-01-20,192.19
2022-01-21,190.5
2022-01-24,185.8
2022-01-25,187.11
2022-01-27,185.34
2022-01-28,185.1
2022-01-31,187.48
2022-02-01,189.7
2022-02-02,192.25
2022-02-03,189.98
2022-02-04,189.46
2022-02-07,186.29
2022-02-08,186.86
2022-02-09,188.94
2022-02-10,190.31
2022-02-11,187.95
2022-02-14,182.64
2022-02-15,187.55
2022-02-16,187.24
2022-02-17,186.78
2022-02-18,186.61
2022-02-21,186.26
2022-02-22,185.16
2022-02-23,184.99
2022-02-24,178.15
2022-02-25,180.92
2022-02-28,181.81
2022-03-02,179.87
2022-03-03,178.83
2022-03-04,176.36
2022-03-07,172.37
2022-03-08,173.38
2022-03-09,176.99
2022-03-10,179.62
2022-03-11,180.03
2022-03-14,182.5
2022-03-15,180.62
2022-03-16,183.62
2022-03-17,186.76
2022-03-21,185.35
2022-03-22,187.28
2022-03-23,186.32
2022-03-24,186.12
2022-03-25,185.82
2022-03-28,186.38
2022-03-29,187.11
2022-03-30,188.84
2022-03-31,188.86
2022-04-01,190.45
2022-04-04,195.15
2022-04-05,194.48
2022-04-06,193.02
2022-04-07,191.28
2022-04-08,192.71
2022-04-11,191.61
2022-04-12,190.33
2022-04-13,189.49
2022-04-18,186.22
2022-04-19,183.84
2022-04-20,185.72
2022-04-21,188.1
2022-04-22,186.07
2022-04-25,183.88
2022-04-26,186.03
2022-04-27,184.7
2022-04-28,186.43
2022-04-29,185.28
2022-05-02,185.12
2022-05-04,181.04
2022-05-05,181.01
2022-05-06,178
2022-05-09,176.94
2022-05-10,176.16
2022-05-11,175.25
2022-05-12,171.63
2022-05-13,171.41
2022-05-16,172.11
2022-05-17,176.52
2022-05-18,176.05
2022-05-19,171.87
2022-05-20,175.9
2022-05-23,175.59
2022-05-24,175.03
2022-05-25,174.12
2022-05-26,175.64
2022-05-27,177.07
2022-05-30,180.43
2022-05-31,179.8
2022-06-01,179.39
2022-06-02,180.72
2022-06-03,180.19
2022-06-06,180.15
2022-06-07,178.57
2022-06-08,178.09
2022-06-09,179.26
2022-06-10,176.46
2022-06-13,171.91
2022-06-14,171.36
2022-06-15,171.08
2022-06-16,167.65
2022-06-17,166.85
2022-06-20,167.44
2022-06-21,170.27
2022-06-22,168.06
2022-06-23,169.66
2022-06-24,171.2
2022-06-27,172.57
2022-06-28,172.62
2022-06-29,171.9
2022-06-30,171.59
2022-07-01,171.69
2022-07-04,172.59
2022-07-05,172.06
2022-07-06,173.99
2022-07-07,175.58
2022-07-08,176.27
2022-07-11,176.29
2022-07-12,175.11
2022-07-13,174.1
2022-07-14,173.86
2022-07-15,174.97
2022-07-18,177.38
2022-07-19,177.77
2022-07-20,179.61
2022-07-21,180.57
2022-07-22,181.93
2022-07-25,181.38
2022-07-26,179.95
2022-07-27,181.56
2022-07-28,184.29
2022-07-29,186.6
2022-08-01,188.67
2022-08-02,188.69
2022-08-03,189.15
2022-08-04,189.14
2022-08-05,189.33
2022-08-08,190.82
2022-08-10,191.06
2022-08-11,192.1
2022-08-12,192.94
2022-08-16,194.3
2022-08-17,195.6
2022-08-18,195.77
2022-08-19,193.72
2022-08-22,190.94
2022-08-23,192.35
2022-08-24,192.67
2022-08-25,191.67
2022-08-26,191.95
2022-08-29,189.39
2022-08-30,193.86
2022-09-01,191.82
2022-09-02,191.63
2022-09-05,193.03
2022-09-06,192.42
2022-09-07,192.38
2022-09-08,193.99
2022-09-09,194.49
2022-09-12,195.67
2022-09-13,196.99
2022-09-14,196.4
2022-09-15,195.59
2022-09-16,191.82
2022-09-19,192.72
2022-09-20,194.51
2022-09-21,193.52
2022-09-22,192.87
2022-09-23,189.67
2022-09-26,186.24
2022-09-27,186.15
2022-09-28,184.39
2022-09-29,184.14
2022-09-30,186.97
2022-10-03,184.2
2022-10-04,188.3
2022-10-06,189.01
2022-10-07,189.18
2022-10-10,188.74
2022-10-11,185.81
2022-10-12,187.2
2022-10-13,186.21
2022-10-14,188.01
2022-10-17,188.72
2022-10-18,190.67
2022-10-19,190.84
2022-10-20,191.55
2022-10-21,191.59
2022-10-24,193.2
2022-10-25,192.61
2022-10-27,193.33
2022-10-28,193.92
2022-10-31,196.29
2022-11-01,197.99
2022-11-02,197.5
2022-11-03,197.33
2022-11-04,197.85
2022-11-07,198.57
2022-11-09,198.48
2022-11-10,196.85
2022-11-11,200.17
2022-11-14,200.2
2022-11-15,200.92
2022-11-16,200.94
2022-11-17,200.22
2022-11-18,199.93
2022-11-21,198.65
2022-11-22,199.26
2022-11-23,199.66
2022-11-24,201.67
2022-11-25,202.35
2022-11-28,203.01
2022-11-29,203.45
2022-11-30,204.77
2022-12-01,205.47
2022-12-02,204.83
2022-12-05,204.47
2022-12-06,204.12
2022-12-07,202.83
2022-12-08,203.64
2022-12-09,202.42
2022-12-12,202.38
2022-12-13,203.86
2022-12-14,204.29
2022-12-15,201.4
2022-12-16,200.12
2022-12-19,201.71
2022-12-20,201.21
2022-12-21,199.39
2022-12-22,198.54
2022-12-23,195.22
2022-12-26,197.27
2022-12-27,198.13
2022-12-28,198.04
2022-12-29,198.74
2022-12-30,197.99
2023-01-02,199.22
2023-01-03,199.56
2023-01-04,197.65
2023-01-05,197.03
2023-01-06,195.7
2023-01-09,198.17
2023-01-10,196.15
2023-01-11,195.98
2023-01-12,195.64
2023-01-13,196.55
2023-01-16,195.99
2023-01-17,197.51
2023-01-18,198.65
2023-01-19,198.34
2023-01-20,197.46
2023-01-23,198.45
2023-01-24,198.18
2023-01-25,196.16
2023-01-27,192.84
2023-01-30,193.26
2023-01-31,193.68
2023-02-01,193.13
2023-02-02,192.92
2023-02-03,195.2
2023-02-06,194.47
2023-02-07,194.17
2023-02-08,195.44
2023-02-09,195.9
2023-02-10,195.45
2023-02-13,194.56
2023-02-14,196
2023-02-15,197.09
2023-02-16,197.34
2023-02-17,196.3
2023-02-20,195.58
2023-02-21,195.23
2023-02-22,192.43
2023-02-23,192.08
2023-02-24,191.45
2023-02-27,190.61
2023-02-28,189.71
2023-03-01,191.28
2023-03-02,189.93
2023-03-03,192.57
2023-03-06,193.63
2023-03-08,193.95
2023-03-09,192.64
2023-03-10,190.64
2023-03-13,188.13
2023-03-14,186.94
2023-03-15,186.26
2023-03-16,186.24
2023-03-17,187.44
2023-03-20,185.98
2023-03-21,187.48
2023-03-22,187.91
2023-03-23,186.84
2023-03-24,185.73
2023-03-27,186.01
2023-03-28,185.73
2023-03-29,187.17
2023-03-31,189.86
2023-04-03,190.62
2023-04-05,192.24
2023-04-06,192.89
2023-04-10,192.66
2023-04-11,193.73
2023-04-12,194.65
2023-04-13,194.78
2023-04-17,193.9
2023-04-18,193.29
2023-04-19,192.9
2023-04-20,193
2023-04-21,192.84
2023-04-24,193.95
2023-04-25,194.06
2023-04-26,194.63
2023-04-27,195.87
2023-04-28,197.31
2023-05-02,198.35
2023-05-03,197.71
2023-05-04,199.48
2023-05-05,197.78
2023-05-08,199.74
2023-05-09,199.69
2023-05-10,199.9
2023-05-11,200.33
2023-05-12,200.24
2023-05-15,201.31
2023-05-16,200.55
2023-05-17,199.79
2023-05-18,199.08
2023-05-19,199.82
2023-05-22,200.58
2023-05-23,201.11
2023-05-24,200.32
2023-05-25,200.74
2023-05-26,202.8
2023-05-29,204.12
2023-05-30,204.38
2023-05-31,203.67
2023-06-01,203.07
2023-06-02,203.75
2023-06-05,204.34
2023-06-06,204.09
2023-06-07,205.41
2023-06-08,204.5
2023-06-09,203.92
2023-06-12,204.46
2023-06-13,205.52
2023-06-14,205.83
2023-06-15,205.26
2023-06-16,206.65
2023-06-19,205.96
2023-06-20,206.63
2023-06-21,206.95
2023-06-22,206.27
2023-06-23,205.05
2023-06-26,205.17
2023-06-27,206.55
2023-06-28,208.12
2023-06-30,210.66
2023-07-03,212.29
2023-07-04,213.13
2023-07-05,212.98
2023-07-06,213.85
2023-07-07,212.7
2023-07-10,212.26
2023-07-11,213.34
2023-07-12,213.27
2023-07-13,213.43
2023-07-14,214.9
2023-07-17,216.51
2023-07-18,216.97
2023-07-19,217.82
2023-07-20,219.48
2023-07-21,217.61
2023-07-24,216.78
2023-07-25,216.69
2023-07-26,217.85
2023-07-27,216.68
2023-07-28,216.33
2023-07-31,217.52
2023-08-01,217.3
2023-08-02,215.11
2023-08-03,213.59
2023-08-04,214.91
2023-08-07,216.02
2023-08-08,215.72
2023-08-09,216.52
2023-08-10,215.3
2023-08-11,214.44
2023-08-14,214.41
2023-08-16,214.6
2023-08-17,213.65
2023-08-18,212.91
2023-08-21,213.59
2023-08-22,213.31
2023-08-23,214.28
2023-08-24,213.89
2023-08-25,212.73
2023-08-28,212.95
2023-08-29,213.07
2023-08-30,213.48
2023-08-31,212.7
2023-09-01,214.18
2023-09-04,215.56
2023-09-05,215.96
2023-09-06,216.23
2023-09-07,217.31
2023-09-08,218.38
2023-09-11,220.33
2023-09-12,220.31
2023-09-13,221.37
2023-09-14,221.51
2023-09-15,222.43
2023-09-18,221.87
2023-09-20,219.6
2023-09-21,217.51
2023-09-22,216.84
2023-09-25,216.87
2023-09-26,216.63
2023-09-27,217.6
2023-09-28,215.71
2023-09-29,216.76
2023-10-03,215.56
2023-10-04,214.36
2023-10-05,215.44
2023-10-06,216.64
2023-10-09,215.41
2023-10-10,217.06
2023-10-11,218.78
2023-10-12,218.51
2023-10-13,218.01
2023-10-16,217.89
2023-10-17,218.61
2023-10-18,217.19
2023-10-19,216.71
2023-10-20,215.25
2023-10-23,213.06
2023-10-25,211.45
2023-10-26,208.75
2023-10-27,210.58
2023-10-30,211.54
2023-10-31,210.89
2023-11-01,209.98
2023-11-02,211.69
2023-11-03,212.65
2023-11-06,214.58
2023-11-07,214.39
2023-11-08,214.94
2023-11-09,214.29
2023-11-10,214.24
2023-11-13,214.57
2023-11-15,217
2023-11-16,218.22
2023-11-17,217.91
2023-11-20,217.3
2023-11-21,218.38
2023-11-22,218.58
2023-11-23,218.55
2023-11-24,218.5
2023-11-28,219.55
2023-11-29,221.7
2023-11-30,221.99
2023-12-01,223.67
2023-12-04,228.4
2023-12-05,230
2023-12-06,230.94
2023-12-07,230.76
2023-12-08,231.18
2023-12-11,231.65
2023-12-12,230.94
2023-12-13,231.16
2023-12-14,233.87
2023-12-15,236.78
2023-12-18,236.42
2023-12-19,236.76
2023-12-20,233.25
2023-12-21,234.58
2023-12-22,235.55
2023-12-26,236.83
2023-12-27,239.03
2023-12-28,240.17
2023-12-29,239.86
2024-01-01,240.06
2024-01-02,239.17
2024-01-03,237.73
2024-01-04,239.27
2024-01-05,239.76
2024-01-08,237.65
2024-01-09,237.71
2024-01-10,238.46
2024-01-11,238.85
2024-01-12,241.7
2024-01-15,243.94
2024-01-16,243.25
2024-01-17,238.4
2024-01-18,237.54
2024-01-19,239.11
2024-01-23,234.78
2024-01-24,237.34
2024-01-25,236.25
2024-01-29,239.98
2024-01-30,238.14
2024-01-31,240.14
2024-02-01,240.02
2024-02-02,241.31
2024-02-05,240.31
2024-02-06,241.97
2024-02-07,242.38
2024-02-08,240.41
2024-02-09,240.76
2024-02-12,239.29
2024-02-13,240.68
2024-02-14,241.57
2024-02-15,242.54
2024-02-16,243.99
2024-02-19,244.97
2024-02-20,245.33
2024-02-21,243.89
2024-02-22,245.83
2024-02-23,245.56
2024-02-26,244.84
2024-02-27,245.51
2024-02-28,243.11
2024-02-29,243.53
2024-03-01,246.82
2024-03-04,247.87
2024-03-05,247.26
2024-03-06,248.56
2024-03-07,248.67
2024-03-11,247.29
2024-03-12,247.43
2024-03-13,243.71
2024-03-14,245.33
2024-03-15,243.81
2024-03-18,243.93
2024-03-19,241.68
2024-03-20,241.69
2024-03-21,243.8
2024-03-22,244.92
2024-03-26,243.74
2024-03-27,244.86
2024-03-28,247.13
2024-04-01,248.17
2024-04-02,248.8
2024-04-03,248.58
2024-04-04,249.41
2024-04-05,249.12
2024-04-08,250.64
2024-04-09,250.83
2024-04-10,251.47
2024-04-12,249.52
2024-04-15,246.9
2024-04-16,245.53
2024-04-18,243.94
2024-04-19,245.47
2024-04-22,247.39
2024-04-23,247.76
2024-04-24,247.94
2024-04-25,249.22
2024-04-26,248.51
2024-04-29,250.48
2024-04-30,250.15
2024-05-02,250.78
2024-05-03,248.79
2024-05-06,248.39
2024-05-07,247.11
2024-05-08,247.22
2024-05-09,243.47
2024-05-10,244.97
2024-05-13,245.28
2024-05-14,246.64
2024-05-15,246.33
2024-05-16,248.19
2024-05-17,248.72
2024-05-21,249.62
2024-05-22,250.43
2024-05-23,254.18
2024-05-24,255.01
2024-05-27,254.72
2024-05-28,254.07
2024-05-29,252.41
2024-05-30,250.25
2024-05-31,251.17
2024-06-03,258.25
2024-06-04,250.5
2024-06-05,251.19
2024-06-06,253.08
2024-06-07,258.27
2024-06-10,258.08
2024-06-11,258.33
2024-06-12,259.34
2024-06-13,260.06
2024-06-14,260.6
2024-06-18,261.61
2024-06-19,261.58
2024-06-20,261.66
2024-06-21,261.06
2024-06-24,261.55
2024-06-25,263.57
2024-06-26,265
2024-06-27,267.2
2024-06-28,267.48
2024-07-01,268.29
2024-07-02,269.03
2024-07-03,270.14
2024-07-04,270.51
2024-07-05,270.48
2024-07-08,270.08
2024-07-09,271.38
2024-07-10,270.89
2024-07-11,270.7
2024-07-12,272.14
2024-07-15,273.1
2024-07-16,273.53
2024-07-18,275.56
2024-07-19,273.22
2024-07-22,272.42
2024-07-23,272.58
2024-07-24,271.99
2024-07-25,270.99
2024-07-26,276.02
2024-07-29,276.64
2024-07-30,277.07
2024-07-31,277.72
2024-08-01,278.46
2024-08-02,275.76
2024-08-05,269.53
2024-08-06,267.66
2024-08-07,271.07
2024-08-08,269.17
2024-08-09,271.58
2024-08-12,271.46
2024-08-13,269.55
2024-08-14,269.36
2024-08-16,273.61
2024-08-19,274.52
2024-08-20,275.72
2024-08-21,276.12
2024-08-22,276.41
2024-08-23,276.48
2024-08-26,278.83
2024-08-27,278.75
2024-08-28,278.92
2024-08-29,280
2024-08-30,281.23
2024-09-02,281.4
2024-09-03,281.69
2024-09-04,281.35
2024-09-05,280.48
2024-09-06,277.87
2024-09-09,277.73
2024-09-10,279.04
2024-09-11,277.65
2024-09-12,282.61
2024-09-13,283.21
2024-09-16,282.86
2024-09-17,283.74
2024-09-18,283.41
2024-09-19,283.85
2024-09-20,287.06
2024-09-23,289.37
2024-09-24,289.2
2024-09-25,290.03
2024-09-26,291.56
2024-09-27,291.86
2024-09-30,288.49
2024-10-01,288.28
2024-10-03,282.8
2024-10-04,280.28
2024-10-07,278.08
2024-10-08,279.44
2024-10-09,278.92
2024-10-10,279.24
2024-10-11,278.77
2024-10-14,280.67
2024-10-15,279.88
2024-10-16,278.58
2024-10-17,276.81
2024-10-18,277.6
2024-10-21,276.46
2024-10-22,273.66
2024-10-23,273.11
2024-10-24,272.26
2024-10-25,270.86
2024-10-28,272.02
2024-10-29,273.55
2024-10-30,272.24
2024-10-31,270.73
2024-11-01,272.33
2024-11-04,268.52
2024-11-05,270.82
2024-11-06,273.97
2024-11-07,270.73
2024-11-08,270.13
2024-11-11,270.07
2024-11-12,267.3
2024-11-13,263.67
2024-11-14,263.73
2024-11-18,262.75
2024-11-19,263.1
2024-11-21,261.46
2024-11-22,266.85
2024-11-25,270.97
2024-11-26,270.48
2024-11-27,271.92
2024-11-28,267.81
2024-11-29,269.81
2024-12-02,271.45
2024-12-03,272.85
2024-12-04,273.59
2024-12-05,275.8
2024-12-06,275.87
2024-12-09,275.23
2024-12-10,274.93
2024-12-11,274.99
2024-12-12,274.17
2024-12-13,276.09
2024-12-16,275.44
2024-12-17,272.26
2024-12-18,270.79
2024-12-19,268.25
2024-12-20,264.2
2024-12-23,265.81
2024-12-24,265.55
2024-12-26,265.72
2024-12-27,266.49
2024-12-30,264.65
2024-12-31,264.57
2025-01-01,265.56
2025-01-02,269.98
2025-01-03,268.5
2025-01-06,264.6
2025-01-07,265.24
2025-01-08,265.02
2025-01-09,263.2
2025-01-10,262.32
2025-01-13,258.4
2025-01-14,259.35
2025-01-15,259.63
2025-01-16,260.74
2025-01-17,259.88
2025-01-20,261.3
2025-01-21,258.05
2025-01-22,258.88
2025-01-23,259.5
2025-01-24,258.23
2025-01-27,255.79
2025-01-28,257.49
2025-01-29,259.36
2025-01-30,260.24
2025-01-31,263.08
2025-02-01,262.21
2025-02-03,261.46
2025-02-04,265.04
2025-02-05,265.27
2025-02-06,264.38
2025-02-07,263.82
2025-02-10,261.91
2025-02-11,258.63
2025-02-12,258.28
2025-02-13,258.2
2025-02-14,256.74
2025-02-17,257.3
2025-02-18,256.82
2025-02-19,256.92
2025-02-20,256.7
2025-02-21,255.49
2025-02-24,252.9
2025-02-25,252.83
2025-02-27,252.6
2025-02-28,248.59
2025-03-03,248.09
2025-03-04,247.44
2025-03-05,250.52
2025-03-06,252.76
2025-03-07,252.82
2025-03-10,251.83
2025-03-11,251.97
2025-03-12,251.78
2025-03-13,251.08
2025-03-17,252.15
2025-03-18,255.95
2025-03-19,256.66
2025-03-20,259.3
2025-03-21,261.18
2025-03-24,264.79
2025-03-25,264.78
2025-03-26,262.85
2025-03-27,263.81
2025-03-28,263.2
2025-04-01,259.66
2025-04-02,261.65
2025-04-03,260.47
2025-04-04,257.19
2025-04-07,249.26
2025-04-08,252.69
2025-04-09,251.05
2025-04-11,256.1
2025-04-15,260.91
2025-04-16,261.94
2025-04-17,266.5
2025-04-21,269.82
2025-04-22,270.02
2025-04-23,271.8
2025-04-24,270.96
2025-04-25,268.51
2025-04-28,271.95
2025-04-29,271.87
2025-04-30,271.83
2025-05-02,272.01
2025-05-05,274.32
2025-05-06,272.49
2025-05-07,272.82
2025-05-08,270.87
2025-05-09,268.54
2025-05-12,278.95
2025-05-13,275.62
2025-05-14,276.29
2025-05-15,280.14
2025-05-16,280.08
2025-05-19,279.16
2025-05-20,277.18
2025-05-21,277.5
2025-05-22,275.95
2025-05-23,278.37
2025-05-26,279.82
2025-05-27,278.22
2025-05-28,277.59
2025-05-29,278.51
2025-05-30,277.99
2025-06-02,277.55
2025-06-03,275.78
2025-06-04,276.49
2025-06-05,277.93
2025-06-06,280.44
2025-06-09,281.36
2025-06-10,281.33
2025-06-11,281.85
2025-06-12,278.87
2025-06-13,277.08
2025-06-16,279.68
2025-06-17,278.62
2025-06-18,278.22
2025-06-19,277.86
2025-06-20,281.47
2025-06-23,280.67
2025-06-24,281.46
2025-06-25,283.32
2025-06-26,286.35
2025-06-27,287.93
2025-06-30,286.59
2025-07-01,286.86
2025-07-02,285.84
2025-07-03,285.5
2025-07-04,286.09
2025-07-07,286.05
2025-07-08,286.82
2025-07-09,286.46
2025-07-10,285.25
2025-07-11,283.18
2025-07-14,282.68
2025-07-15,283.69
2025-07-16,283.68
2025-07-17,282.72
2025-07-18,281.47
2025-07-21,282.25
2025-07-22,282.1
2025-07-23,283.54
2025-07-24,282.07
2025-07-25,280.08
2025-07-28,278.47
2025-07-29,280.09
2025-07-30,280.12
2025-07-31,279.49
2025-08-01,277.42
2025-08-04,278.78
2025-08-05,278.18
2025-08-06,277.27
2025-08-07,277.28
2025-08-08,275.15
2025-08-11,277.29
2025-08-12,276.57
2025-08-13,277.99
2025-08-14,278.42
2025-08-18,281.05
2025-08-19,281.93
2025-08-20,282.51
2025-08-21,282.99
2025-08-22,280.96
2025-08-25,281.62
2025-08-26,279.04
2025-08-28,276.95
2025-08-29,276.08
2025-09-01,278.09
2025-09-02,277.65
2025-09-03,279.05
2025-09-04,279.33
2025-09-05,279.54
2025-09-08,279.98
2025-09-09,280.64
2025-09-10,282
2025-09-11,282.49
2025-09-12,283.45
2025-09-15,283.2
2025-09-16,284.88
2025-09-17,285.99
2025-09-18,286.69
2025-09-19,285.91
2025-09-22,284.47
2025-09-23,284.35
2025-09-24,282.9
2025-09-25,281.28
2025-09-26,278.77
2025-09-29,278.53
2025-09-30,277.51
2025-10-01,280.53
2025-10-03,281.19
2025-10-06,282.99
2025-10-07,283.39
2025-10-08,282.29
2025-10-09,283.99
2025-10-10,285.51
2025-10-13,284.66
2025-10-14,283.69
2025-10-15,285.96
2025-10-16,288.63
2025-10-17,290.14
2025-10-20,291.96
2025-10-21,291.84
2025-10-23,292.45
2025-10-27,293.41
2025-10-28,292.85
2025-10-29,294.52
2025-10-30,292.59
2025-10-31,291.1
2025-11-03,291.31
2025-11-04,289.54
2025-11-05,289.54
2025-11-06,288.43
2025-11-07,288.4
2025-11-10,289.56
2025-11-11,290.85
2025-11-12,292.38
2025-11-13,292.41
2025-11-14,292.85
2025-11-17,293.91
2025-11-18,293.07
2025-11-19,294.25
2025-11-20,295.64
2025-11-21,294.29
2025-11-24,293.12
2025-11-25,292.7
2025-11-26,295.95
2025-11-27,296.43
2025-11-28,296.46
2025-12-01,296.22
2025-12-02,294.69
2025-12-03,293.96
2025-12-04,294.4
2025-12-05,295.82
2025-12-08,293.4
2025-12-09,292.39
2025-12-10,291.61
2025-12-11,292.87
2025-12-12,294.63
2025-12-15,294.56
2025-12-16,292.66
2025-12-17,291.8
2025-12-18,291.81
2025-12-19,293.449493
2025-12-22,295.690002
2025-12-23,295.679993
2025-12-24,295.5
2025-12-26,294.459991
2025-12-29,293.149994
2025-12-30,293.320007
2025-12-31,295.309998
2026-01-01,295.329987
2026-01-02,297.549988
2026-01-05,296.410004
2026-01-06,296.019989
2026-01-07,295.720001
2026-01-08,292.929993
2026-01-09,290.589996
2026-01-12,291.869995
2026-01-13,291.130005
2026-01-14,290.660004
2026-01-15,290.660004
2026-01-16,291.040009
2026-01-19,289.630005
2026-01-20,286.279999
2026-01-21,284.950012
2026-01-22,286.609985
2026-01-23,283.910004
2026-01-27,285.220001
2026-01-28,286.609985
2026-01-29,287.369995
2026-01-30,286.730011
2026-02-02,283.940002
2026-02-03,291.23999
2026-02-04,291.649994
2026-02-05,290.350006
2026-02-06,290.649994
2026-02-09,292.559998
2026-02-10,293.559998
2026-02-11,293.850006
2026-02-12,292.269989
2026-02-13,288.869995
2026-02-16,290.76001
2026-02-17,291.519989
2026-02-18,292.200012
2026-02-19,288.380005
2026-02-20,289.230011
2026-02-23,290.450012
2026-02-24,287.850006
2026-02-25,288.630005
2026-02-26,288.579987
2026-02-27,285.290009
2026-03-02,281.929993
2026-03-04,277.290009
2026-03-05,280.350006
2026-03-06,277.25
2026-03-09,272.420013
2026-03-10,274.950012
2026-03-11,270.559998
2026-03-12,267.940002
2026-03-13,262.690002
2026-03-16,265.179993
2026-03-17,267.160004
2026-03-18,269.429993
2026-03-19,262.119995
2026-03-20,262.070007
2026-03-23,255.149994
2026-03-24,259.829987
2026-03-25,264.059998
2026-03-27,258.890015
2026-03-30,253.440002
2026-04-01,257.450012
2026-04-02,257.609985
2026-04-06,260.25
2026-04-07,261.470001
2026-04-08,271.679993
2026-04-09,269.48999
2026-04-10,271.950012
2026-04-13,269.519989
2026-04-15,273.769989
2026-04-16,273.950012
2026-04-17,275.869995
2026-04-20,275.209991
2026-04-21,277.630005
2026-04-22,275.640015
2026-04-23,273.76001
2026-04-24,271.089996
2026-04-27,272.519989
2026-04-28,271.480011
2026-04-29,273.130005
2026-04-30,272.01001
2026-05-01,272.01001
2026-05-04,273.119995
2026-05-05,272.299988
2026-05-06,275.730011
2026-05-07,275.170013
2026-05-08,273.940002
2026-05-11,270.100006
2026-05-12,265.049988
2026-05-13,265.440002
2026-05-14,268.089996
2026-05-15,267.299988
2026-05-18,267.579987
2026-05-19,267.609985
2026-05-20,268.049988
2026-05-21,268.209991
2026-05-22,269.100006
2026-05-25,271.98999
2026-05-26,270.829987
