Date,Open,High,Low,Close,Adj Close,Volume
"Dec 19, 2025",968.01,972.16,968,970.51,970.51,8491
"Dec 18, 2025",966.5,969.99,963,966.07,966.07,33986
"Dec 17, 2025",973.07,973.07,964.16,967.03,967.03,34440
"Dec 16, 2025",977.9,977.9,967.01,969.27,969.27,34145
"Dec 15, 2025",973.5,975,967.73,974.6,974.6,33154
"Dec 12, 2025",970,974.83,968.01,973.65,973.65,2494
"Dec 11, 2025",968,970,960,967.91,967.91,2145
"Dec 10, 2025",971.33,971.99,964.01,965.11,965.11,3014
"Dec 9, 2025",976.1,978.9,963.25,968.43,968.43,6966
"Dec 8, 2025",982,983.98,967.55,976.1,976.1,4406
"Dec 5, 2025",972.02,978.49,969.01,977.12,977.12,1936
"Dec 4, 2025",968.1,976,968.1,975.49,975.49,10082
"Dec 3, 2025",975.95,977.61,968.05,972.87,972.87,3918
"Dec 2, 2025",980,980,971.54,973.97,973.97,3383
"Dec 1, 2025",981.42,990,975.66,978.26,978.26,3706
"Nov 28, 2025",987.98,987.98,976.8,979.42,979.42,2152
"Nov 27, 2025",973.1,983,973.1,979.97,979.97,3517
"Nov 26, 2025",970,976.99,968.51,976.5,976.5,10525
"Nov 25, 2025",972.91,975,964.02,971.57,971.57,2545
"Nov 24, 2025",975,979.98,966,969.34,969.34,2787
"Nov 21, 2025",979,979.95,971.17,973.99,973.99,2041
"Nov 20, 2025",967.1,980.78,967.1,976.48,976.48,3425
"Nov 19, 2025",968,972,965.2,970.4,970.4,5280
"Nov 18, 2025",970,973.19,965.6,968.17,968.17,2060
"Nov 17, 2025",969.95,969.95,966,967.58,967.58,1530
"Nov 14, 2025",963.61,967,960.18,965.41,965.41,3807
"Nov 13, 2025",965.6,968.99,960.61,965.19,965.19,1602
"Nov 12, 2025",966.98,966.98,958.49,963.21,963.21,3315
"Nov 11, 2025",950.61,960.28,948,957.49,957.49,1244
"Nov 10, 2025",955.9,957.68,949.29,954.57,954.57,1841
"Nov 7, 2025",954.9,954.9,943.34,951.15,951.15,4575
"Nov 6, 2025",959.34,960,950.03,953.76,953.76,2799
"Nov 4, 2025",957.73,958.7,952.68,954.79,954.79,2704
"Nov 3, 2025",965.94,965.94,953.12,957.73,957.73,2298
"Oct 31, 2025",963.82,967.11,958,959.8,959.8,4083
"Oct 30, 2025",970.97,970.97,961.4,963.82,963.82,2315
"Oct 29, 2025",968.9,970.2,966.02,968.86,968.86,3321
"Oct 28, 2025",964.83,971.5,959.7,963.92,963.92,3870
"Oct 27, 2025",965.06,971.98,962.5,966.83,966.83,4979
"Oct 24, 2025",968.51,969.9,957,964.03,964.03,4106
"Oct 23, 2025",968.79,977.98,959,963.7,963.7,7679
"Oct 21, 2025",962.79,966.9,958.92,963.46,963.46,2739
"Oct 20, 2025",959.81,965.22,953.1,959.92,959.92,8333
"Oct 17, 2025",952.9,960.99,947.85,955.04,955.04,6814
"Oct 16, 2025",941.06,952,940.06,948.85,948.85,7656
"Oct 15, 2025",939.62,942.1,934.96,940.06,940.06,3112
"Oct 14, 2025",936,941.95,930,934.95,934.95,2113
"Oct 13, 2025",939.48,940.94,930.1,937.81,937.81,2708
"Oct 10, 2025",939.75,940.99,935,939.48,939.48,3462
"Oct 9, 2025",931.18,938.9,928.87,935.08,935.08,1384
"Oct 8, 2025",939.9,939.9,931,932.18,932.18,2318
"Oct 7, 2025",934.95,940,930.61,934.85,934.85,5995
"Oct 6, 2025",924.79,932.99,924.79,930.6,930.6,4621
"Oct 3, 2025",922.68,925.59,920.02,924.23,924.23,3132
"Oct 1, 2025",914,924,914,922.68,922.68,3205
"Sep 30, 2025",922.65,922.65,912.75,913.68,913.68,4032
"Sep 29, 2025",924,925.48,912.89,918.06,918.06,4028
"Sep 26, 2025",930,931.9,915,918.53,918.53,13723
"Sep 25, 2025",935,935,925.85,926.62,926.62,8630
"Sep 24, 2025",937,937,930,932.91,932.91,3438
"Sep 23, 2025",942,942,930.1,935.54,935.54,4346
"Sep 22, 2025",939.02,944.9,935,937.43,937.43,3076
"Sep 19, 2025",942.23,945,938.71,943.73,943.73,1380
"Sep 18, 2025",944.31,950,941.19,946.96,946.96,5313
"Sep 17, 2025",932.1,946.5,917,944.31,944.31,29106
"Sep 16, 2025",933.81,941.5,928.38,936.78,936.78,4891
"Sep 15, 2025",939,940.9,908.8,928.38,928.38,3399
"Sep 12, 2025",932.85,936.26,930.25,935.09,935.09,2652
"Sep 11, 2025",930.1,942.8,927.01,932.81,932.81,17121
"Sep 10, 2025",926.64,935,926.2,930.07,930.07,58975
"Sep 9, 2025",921.55,926.67,920.27,926.2,926.2,3495
"Sep 8, 2025",925,925,919,921.5,921.5,2460
"Sep 5, 2025",922,926,915.01,920.25,920.25,2073
"Sep 4, 2025",928.31,928.31,920.51,922.4,922.4,3811
"Sep 3, 2025",914,923.84,910.7,920.75,920.75,12570
"Sep 2, 2025",920,922.09,914,916.15,916.15,3730
"Sep 1, 2025",916.98,917.6,912.02,916.54,916.54,2059
"Aug 29, 2025",921.9,921.9,910.51,910.86,910.86,70267
"Aug 28, 2025",927.9,927.9,913,914.09,914.09,6375
"Aug 26, 2025",935.9,935.9,921.85,923.24,923.24,3756
"Aug 25, 2025",935.98,935.98,926.45,931.68,931.68,927
"Aug 22, 2025",933.33,933.33,927,928.32,928.32,1743
"Aug 21, 2025",933,936.89,931.98,934.35,934.35,2063
"Aug 20, 2025",931,934.02,927.77,933.98,933.98,3568
"Aug 19, 2025",929,931.31,926,931.05,931.05,2141
"Aug 18, 2025",922.02,931.5,922.02,926.61,926.61,4008
"Aug 14, 2025",919,922,915.88,920.22,920.22,2394
"Aug 13, 2025",919.03,919.5,916,918.1,918.1,1039
"Aug 12, 2025",916.05,924.35,912.28,916.05,916.05,2208
"Aug 11, 2025",915,918.99,908.9,916.06,916.06,1747
"Aug 8, 2025",917.99,920,908.8,910.16,910.16,4524
"Aug 7, 2025",916.99,917.99,910.01,916.15,916.15,4814
"Aug 6, 2025",924.98,924.98,914.33,918.48,918.48,3218
"Aug 5, 2025",924.1,924.1,916.27,919.86,919.86,2879
"Aug 4, 2025",925,926.98,917.21,920.29,920.29,2832
"Aug 1, 2025",929.13,929.13,918,919.78,919.78,3061
"Jul 31, 2025",922,937,920,926.73,926.73,5335
"Jul 30, 2025",927,929.17,925,927.27,927.27,1414
"Jul 29, 2025",920,937,917.13,927.17,927.17,2464
"Jul 28, 2025",923.82,929.03,919,922.69,922.69,2781
"Jul 25, 2025",934.9,934.9,924.74,926.5,926.5,2739
"Jul 24, 2025",941.24,941.25,927,931.58,931.58,2430
"Jul 23, 2025",942,942,935,941.24,941.24,2147
"Jul 22, 2025",934.8,938.92,933,936.23,936.23,2587
"Jul 21, 2025",931,936.2,928.05,933.55,933.55,2431
"Jul 18, 2025",941.9,941.9,930.01,931.93,931.93,5015
"Jul 17, 2025",941.8,941.8,936,936.6,936.6,1363
"Jul 16, 2025",946.71,946.71,937.05,940.92,940.92,1202
"Jul 15, 2025",932.02,942.01,932.02,939.99,939.99,1836
"Jul 14, 2025",943.63,943.63,932.91,937.13,937.13,4635
"Jul 11, 2025",949.18,949.18,935.74,938.63,938.63,5901
"Jul 10, 2025",952,952,945,947.67,947.67,2855
"Jul 9, 2025",954.78,954.78,949,949.6,949.6,2943
"Jul 8, 2025",948,950.18,941.3,950.03,950.03,11928
"Jul 7, 2025",955,956,944.02,947.94,947.94,4732
"Jul 4, 2025",946.3,952.99,944.1,950.41,950.41,15119
"Jul 3, 2025",951.76,955,946.11,947.64,947.64,3434
"Jul 2, 2025",956,956,944,947.03,947.03,3364
"Jul 1, 2025",956.76,956.76,948.1,949.4,949.4,3412
"Jun 30, 2025",954,962.13,948,950.47,950.47,3995
"Jun 27, 2025",955.6,955.6,948,953.27,953.27,4795
"Jun 26, 2025",936.54,950,935.23,948.4,948.4,14742
"Jun 25, 2025",929.3,940.98,929.3,937.04,937.04,18120
"Jun 24, 2025",932.51,941,928.27,932.65,932.65,6144
"Jun 23, 2025",933,933,925.1,931.16,931.16,2794
"Jun 20, 2025",927,933.55,922.91,932.52,932.52,10637
"Jun 19, 2025",925,927.89,920.23,921.85,921.85,2962
"Jun 18, 2025",925.09,928.49,922,922.75,922.75,2000
"Jun 17, 2025",927.44,931.3,922.17,925.09,925.09,1847
"Jun 16, 2025",923,929.94,919.54,927.44,927.44,2739
"Jun 13, 2025",925,926,916.06,919.54,919.54,10572
"Jun 12, 2025",935.48,938.48,925.7,928.24,928.24,5331
"Jun 11, 2025",942.6,942.6,932.3,935.48,935.48,3706
"Jun 10, 2025",930.02,940.37,930.02,935.42,935.42,6966
"Jun 9, 2025",920.77,938.3,920.77,935.7,935.7,10883
"Jun 6, 2025",929,932,919.48,930.08,930.08,11477
"Jun 5, 2025",920,928.04,918.54,924,924,8065
"Jun 4, 2025",924.48,924.48,915.01,918.29,918.29,1135
"Jun 3, 2025",912.41,925.49,912.41,915.89,915.89,8091
"Jun 2, 2025",924.9,924.9,914.61,923.23,923.23,4869
"May 30, 2025",926,926,920,921.41,921.41,1546
"May 29, 2025",926.36,926.36,918.56,924,924,3640
"May 28, 2025",927.6,927.63,920,921.76,921.76,2882
"May 27, 2025",930.1,930.1,917.6,922.33,922.33,12214
"May 26, 2025",925.8,933,924,930.1,930.1,5121
"May 23, 2025",922.13,926,910,922.8,922.8,2931
"May 22, 2025",916.58,926,911.55,922.13,922.13,4291
"May 21, 2025",921,926.95,912.16,921.85,921.85,4286
"May 20, 2025",932,932,915.73,919.06,919.06,4663
"May 19, 2025",936.45,936.45,927.68,929.69,929.69,3787
"May 16, 2025",920.96,933,920.96,931.8,931.8,3721
"May 15, 2025",920.1,933.98,914.14,930.27,930.27,8185
"May 14, 2025",926.17,926.17,915.01,920.14,920.14,3359
"May 13, 2025",930.5,930.5,917,918.44,918.44,8404
"May 12, 2025",903,933.72,903,930.18,930.18,14910
"May 9, 2025",903,906.5,895.73,897.63,897.63,5653
"May 8, 2025",909.69,913.93,902.09,906.7,906.7,2070
"May 7, 2025",905,914,893.1,909.68,909.68,47895
"May 6, 2025",902.88,919.98,902.88,909.42,909.42,5636
"May 5, 2025",907.83,915.1,907,911.52,911.52,3592
"May 2, 2025",914.61,916,905.03,907.83,907.83,9543
"Apr 30, 2025",903.67,910.98,895.02,906.46,906.46,4180
"Apr 29, 2025",911,912,896,903.67,903.67,4358
"Apr 28, 2025",896,906.5,893.73,905.08,905.08,7914
"Apr 25, 2025",900.99,904,887,894.59,894.59,8484
"Apr 24, 2025",902.28,905.3,891,897.24,897.24,3156
"Apr 23, 2025",901.75,908,896.63,903.28,903.28,6536
"Apr 22, 2025",898.27,903.21,892.8,898.33,898.33,4046
"Apr 21, 2025",892.7,899,887.11,897.28,897.28,7499
"Apr 17, 2025",871.9,890,862.02,887.68,887.68,6311
"Apr 16, 2025",867,871.1,861.12,868.19,868.19,4362
"Apr 15, 2025",863,869.31,856,866.95,866.95,6863
"Apr 11, 2025",841.12,858,841.12,850.25,850.25,4319
"Apr 9, 2025",844.98,845,832.02,835.57,835.57,2205
"Apr 8, 2025",844.98,845.9,829.45,840.36,840.36,6291
"Apr 7, 2025",851,859,811.02,827.2,827.2,29738
"Apr 4, 2025",859,863,851,854.03,854.03,10273
"Apr 3, 2025",861.45,865.75,858,863.81,863.81,2738
"Apr 2, 2025",861.05,866.49,858,865.24,865.24,1365
"Apr 1, 2025",870,884.48,858,861.02,861.02,12204
"Mar 28, 2025",883,883,870,876.36,876.36,3187
"Mar 27, 2025",872.18,880.66,872.18,878.81,878.81,2566
"Mar 26, 2025",878.47,883.39,871.35,873.74,873.74,1784
"Mar 25, 2025",884.5,889.99,875.02,880.04,880.04,4279
"Mar 24, 2025",872.98,882.8,865.1,881.18,881.18,5863
"Mar 21, 2025",869,871.52,854,869.08,869.08,7281
"Mar 20, 2025",853,864.96,853,864.14,864.14,3711
"Mar 19, 2025",848.02,854.77,848.02,853.63,853.63,3026
"Mar 18, 2025",846.98,868,837.02,854.08,854.08,2339
"Mar 17, 2025",836.21,842,831.22,838.12,838.12,1791
"Mar 13, 2025",839,841.8,834.1,836.21,836.21,1842
"Mar 12, 2025",839,839.29,831.38,838.11,838.11,2739
"Mar 11, 2025",840.3,840.3,831.05,838.17,838.17,2241
"Mar 10, 2025",844.9,845.93,834.89,837.25,837.25,2305
"Mar 7, 2025",840.01,843.3,838,841.71,841.71,1686
"Mar 6, 2025",839.54,843.99,831,840.74,840.74,3133
"Mar 5, 2025",831.9,837.08,823.15,834.54,834.54,5640
"Mar 4, 2025",829.9,832.98,821,826.39,826.39,5146
"Mar 3, 2025",838.98,845,824,826.98,826.98,9533
"Feb 28, 2025",844,846,827,831.58,831.58,10494
"Feb 27, 2025",844.89,849,827.11,844.21,844.21,5964
"Feb 25, 2025",848.9,848.9,832,844.89,844.89,2475
"Feb 24, 2025",851,857.48,842.2,843.47,843.47,6402
"Feb 21, 2025",863.1,863.1,847.93,851.51,851.51,10344
"Feb 20, 2025",860,860,851,857.48,857.48,1446
"Feb 19, 2025",857.45,863,855,857.17,857.17,3286
"Feb 18, 2025",863.9,863.9,853.1,857.45,857.45,3663
"Feb 17, 2025",865.9,865.9,851.1,858.89,858.89,3369
"Feb 14, 2025",861.5,864.04,853.1,859.51,859.51,3384
"Feb 13, 2025",866.9,868.99,858.02,861.14,861.14,3500
"Feb 12, 2025",860,868.8,852.11,861.99,861.99,4595
"Feb 11, 2025",879.9,879.9,860,862.15,862.15,4189
"Feb 10, 2025",881.5,881.5,870.11,873.17,873.17,2366
"Feb 7, 2025",882,888.95,875.69,880.16,880.16,982
"Feb 6, 2025",889,889,879,881.13,881.13,2044
"Feb 5, 2025",885,890,880.79,883.04,883.04,2404
"Feb 4, 2025",873.02,887.95,872.41,884.79,884.79,3344
"Feb 3, 2025",873.98,873.98,860.1,869.26,869.26,5222
"Feb 1, 2025",873,882,861.2,868.82,868.82,-
"Jan 31, 2025",874.9,879.89,866.72,872.94,872.94,3846
"Jan 30, 2025",864.12,870,861.2,868.1,868.1,1628
"Jan 29, 2025",864.21,872.85,858.05,864.82,864.82,1892
"Jan 28, 2025",857,882.31,852.61,864.21,864.21,7062
"Jan 27, 2025",863.95,865.98,851,852.61,852.61,6157
"Jan 24, 2025",869.95,871,860,861.72,861.72,2779
"Jan 23, 2025",856.35,871.95,856.35,865.47,865.47,1319
"Jan 22, 2025",865,868.98,855,863.85,863.85,2883
"Jan 21, 2025",872,872,855,858.07,858.07,6289
"Jan 20, 2025",872,872.5,862.69,871.49,871.49,3397
"Jan 17, 2025",874.9,874.9,862.28,866.73,866.73,5136
"Jan 16, 2025",868.02,875,864.15,870.53,870.53,2852
"Jan 15, 2025",861.66,872,861.66,867.62,867.62,3241
"Jan 14, 2025",869.12,881.72,861.5,865.98,865.98,4490
"Jan 13, 2025",877,884,854,869.41,869.41,7931
"Jan 10, 2025",878.47,880.93,871,874.32,874.32,3422
"Jan 9, 2025",884.5,886,876,877.4,877.4,2747
"Jan 8, 2025",885,885,875.02,883.81,883.81,3001
"Jan 7, 2025",886,908,879,883.99,883.99,4822
"Jan 6, 2025",899.96,920,878,881.27,881.27,9905
"Jan 3, 2025",899.75,901.12,893.02,896.44,896.44,4920
"Jan 2, 2025",889.9,901.99,880.55,899.75,899.75,5699
"Jan 1, 2025",883,889.13,880,883.44,883.44,4448
"Dec 31, 2024",887.9,887.9,876.02,881.79,881.79,7510
"Dec 30, 2024",890,891.9,879.75,883.43,883.43,3028
"Dec 27, 2024",892.04,893.5,885,886.89,886.89,3059
"Dec 26, 2024",894.98,894.98,883.23,887.04,887.04,4012
"Dec 24, 2024",893.95,893.95,883.05,887.38,887.38,1552
"Dec 23, 2024",900,900,881.02,887.97,887.97,4226
"Dec 20, 2024",897.47,909,881,884,884,8077
"Dec 19, 2024",904.48,904.48,894.06,895.68,895.68,7394
"Dec 18, 2024",916.95,916.95,903.09,906.39,906.39,4762
"Dec 17, 2024",925.98,925.98,909.54,912.3,912.3,9508
"Dec 16, 2024",920.02,932,920.02,924.71,924.71,2096
"Dec 13, 2024",922,929.51,905.9,926.45,926.45,7813
"Dec 12, 2024",918.58,922,917,918.43,918.43,1349
"Dec 11, 2024",919.31,922.98,917.11,918.58,918.58,2226
"Dec 10, 2024",919.99,923.78,916.65,919.31,919.31,2055
"Dec 9, 2024",931.98,931.98,919,919.99,919.99,2674
"Dec 6, 2024",925,925,920.13,923.11,923.11,2539
"Dec 5, 2024",918.68,929.56,908,922.83,922.83,7047
"Dec 4, 2024",911.45,916,908.41,910.95,910.95,6527
"Dec 3, 2024",913.98,913.98,904.11,910.66,910.66,2804
"Dec 2, 2024",894.02,920,894.02,905.11,905.11,4049
"Nov 29, 2024",895,901.97,890.54,901.1,901.1,3533
"Nov 28, 2024",911,911,892.69,894.14,894.14,9429
"Nov 27, 2024",903,911.98,900,905.62,905.62,1825
"Nov 26, 2024",904.57,907,900.02,903,903,1415
"Nov 25, 2024",904.97,908,895.02,904.57,904.57,4497
"Nov 22, 2024",872.46,895.42,865.5,891.59,891.59,2840
"Nov 21, 2024",884.98,884.98,870,872.46,872.46,4251
"Nov 19, 2024",884.96,886.26,864.02,877.84,877.84,1512
"Nov 18, 2024",889.86,889.86,870,874.33,874.33,4428
"Nov 14, 2024",887.98,887.98,872.02,877.87,877.87,3054
"Nov 13, 2024",889.39,896.5,876.47,879.43,879.43,5816
"Nov 12, 2024",889.35,906.98,885.55,889.39,889.39,5338
"Nov 11, 2024",906.98,906.98,893.78,898.23,898.23,2500
"Nov 8, 2024",900,907.98,893.02,898.55,898.55,1921
"Nov 7, 2024",914.98,914.98,897,899.44,899.44,3378
"Nov 6, 2024",896.49,907.9,888.02,905.78,905.78,6888
"Nov 4, 2024",909.95,909.95,881,890.72,890.72,14289
"Nov 1, 2024",910.98,914,900,908.9,908.9,1616
"Oct 31, 2024",916.48,916.48,895,898.21,898.21,3735
"Oct 29, 2024",911.98,911.98,897,907.53,907.53,1993
"Oct 28, 2024",907.97,909,892,903.88,903.88,2387
"Oct 25, 2024",909.98,909.98,889.66,897.67,897.67,12166
"Oct 24, 2024",911.98,911.98,900.96,903.69,903.69,4315
"Oct 23, 2024",915,915,902.9,903.49,903.49,4040
"Oct 22, 2024",921.48,921.48,904.62,905.85,905.85,5799
"Oct 21, 2024",915,927.96,910.52,913.76,913.76,2288
"Oct 18, 2024",913.76,918.52,907,917.62,917.62,1983
"Oct 17, 2024",923,928,912.5,913.76,913.76,4762
"Oct 16, 2024",929,929,915.85,919.75,919.75,3125
"Oct 15, 2024",925,925.86,919.03,922.22,922.22,3070
"Oct 14, 2024",928.41,929.98,916.7,923.62,923.62,3461
"Oct 11, 2024",920,928.41,915.22,921.03,921.03,1287
"Oct 10, 2024",928.98,928.98,915.5,919.49,919.49,4629
"Oct 9, 2024",928.48,928.48,911.05,919.58,919.58,6524
"Oct 8, 2024",926.5,949,911.65,920.93,920.93,10285
"Oct 7, 2024",939.54,945,910,924.32,924.32,13197
"Oct 4, 2024",935.7,963.51,922,936.54,936.54,19759
"Oct 3, 2024",946,954.98,925.79,935.69,935.69,16217
"Oct 1, 2024",959.8,959.98,948.5,951.46,951.46,3242
"Sep 30, 2024",966.25,974.98,951.15,952.74,952.74,16678
"Sep 27, 2024",971.98,1015,960,966.23,966.23,5660
"Sep 26, 2024",966.98,966.98,958.5,964.43,964.43,2443
"Sep 25, 2024",960.35,966.48,953.76,959.39,959.39,1568
"Sep 24, 2024",957.5,960.35,953.91,958.03,958.03,1199
"Sep 23, 2024",959.98,967.6,952,957.24,957.24,4907
"Sep 20, 2024",938.5,958.75,937,951.13,951.13,3837
"Sep 19, 2024",943,943,934.6,938.27,938.27,1478
"Sep 18, 2024",937.79,941.98,931.27,935.46,935.46,1120
"Sep 17, 2024",933.1,939.9,931.1,934.27,934.27,2184
"Sep 16, 2024",931,941.98,925.02,935.1,935.1,2064
"Sep 13, 2024",939.96,939.96,930.19,933.19,933.19,1787
"Sep 12, 2024",928.98,935,915.02,933.06,933.06,2035
"Sep 11, 2024",928.96,928.96,917.5,919.89,919.89,1312
"Sep 10, 2024",925.98,925.98,916.26,921.99,921.99,1027
"Sep 9, 2024",917,920.98,909,918.7,918.7,2358
"Sep 6, 2024",927,927,900,914.41,914.41,7249
"Sep 5, 2024",936.98,942,922.1,927.12,927.12,1919
"Sep 4, 2024",937.98,937.98,925.13,929.4,929.4,1604
"Sep 3, 2024",935,935,923.1,931.48,931.48,1359
"Sep 2, 2024",936.98,942.8,920.1,931.38,931.38,2119
"Aug 30, 2024",927,930,924.63,927.29,927.29,2674
"Aug 29, 2024",918.5,925.9,918.5,923.36,923.36,1070
"Aug 28, 2024",922.33,924,918,921.38,921.38,938
"Aug 26, 2024",914,921.97,912.8,918.22,918.22,3958
"Aug 23, 2024",915,915,906.1,911.9,911.9,1718
"Aug 22, 2024",913.41,915.88,910.89,913.05,913.05,733
"Aug 21, 2024",915.1,915.1,906.83,911.48,911.48,1302
"Aug 20, 2024",908.44,913.15,907.96,909.89,909.89,5239
"Aug 19, 2024",904.57,912.07,900,907.96,907.96,1569
"Aug 16, 2024",903.98,906,892.84,904.57,904.57,2113
"Aug 14, 2024",899,899,887.02,892.9,892.9,1457
"Aug 13, 2024",907.98,907.98,890,890.72,890.72,2495
"Aug 12, 2024",899.21,902.05,892.2,898.59,898.59,1438
"Aug 9, 2024",902,903,892.07,899.21,899.21,2219
"Aug 8, 2024",895.84,903,886.86,892.06,892.06,1625
"Aug 7, 2024",900,904.98,889.18,893.57,893.57,2406
"Aug 6, 2024",908,922.08,884.65,886.25,886.25,6092
"Aug 5, 2024",913.13,922.74,882.72,895.72,895.72,14813
"Aug 2, 2024",927.98,927.98,912.08,912.68,912.68,4269
"Aug 1, 2024",926.98,933.6,915,922.23,922.23,2126
"Jul 31, 2024",920.9,921,914.45,917.7,917.7,1281
"Jul 30, 2024",916.51,920.9,912.9,915.71,915.71,1195
"Jul 29, 2024",912,921.8,912,916.51,916.51,2042
"Jul 26, 2024",903,914,900.42,913.4,913.4,1389
"Jul 25, 2024",902.93,902.93,890,900.42,900.42,1618
"Jul 24, 2024",906.9,909.98,894.02,902.93,902.93,3023
"Jul 23, 2024",910.9,910.9,891,902.24,902.24,4205
"Jul 22, 2024",914.98,914.98,890,906.64,906.64,4405
"Jul 19, 2024",919.98,919.98,903,908.6,908.6,1999
"Jul 18, 2024",914.48,914.48,902.49,912.71,912.71,2730
"Jul 16, 2024",911.9,914,904.11,906.69,906.69,926
"Jul 15, 2024",906.5,914.48,904.41,906.1,906.1,2286
"Jul 12, 2024",897.31,907,856.56,906.11,906.11,2631
"Jul 11, 2024",902,908,893.53,897.31,897.31,2449
"Jul 10, 2024",901,903.06,893,899.4,899.4,3841
"Jul 9, 2024",900,903.31,889.1,901.65,901.65,4134
"Jul 8, 2024",889.02,907.98,811.98,896.53,896.53,3221
"Jul 5, 2024",909.98,909.98,895.7,899.55,899.55,5552
"Jul 4, 2024",902.62,903,897,901.25,901.25,2142
"Jul 3, 2024",895,912.9,890,899.17,899.17,2600
"Jul 2, 2024",890,895,887,891.7,891.7,1622
"Jul 1, 2024",881.1,908,880.02,891.24,891.24,4260
"Jun 28, 2024",886.11,895,881.48,889.99,889.99,2769
"Jun 27, 2024",881.81,891.48,881.05,888.3,888.3,1988
"Jun 26, 2024",878.65,885,874.12,883.76,883.76,3655
"Jun 25, 2024",879.98,879.98,869.98,874.89,874.89,5604
"Jun 24, 2024",874.98,876,865,871.92,871.92,2671
"Jun 21, 2024",872,876,863.1,868.14,868.14,3185
"Jun 20, 2024",875.48,875.48,863.32,871.12,871.12,3064
"Jun 19, 2024",873.98,873.98,863,867.02,867.02,3136
"Jun 18, 2024",872.48,872.48,855.25,865.33,865.33,5461
"Jun 14, 2024",864,865.73,858.6,863.97,863.97,1419
"Jun 13, 2024",865.93,872.98,852.02,863.13,863.13,1806
"Jun 12, 2024",859,864.65,859,861.13,861.13,5256
"Jun 11, 2024",864.98,864.98,856.38,858.93,858.93,2384
"Jun 10, 2024",864.48,874.94,849.1,857.29,857.29,4861
"Jun 7, 2024",849.98,861.98,835,856.38,856.38,6245
"Jun 6, 2024",856.95,856.95,832.02,840.94,840.94,5960
"Jun 5, 2024",859.98,865,822,841.58,841.58,10878
"Jun 4, 2024",870,874.98,805.04,859.12,859.12,37642
"Jun 3, 2024",842.02,870,842.02,863.19,863.19,6930
"May 31, 2024",835.48,836.19,822.02,833.56,833.56,2301
"May 30, 2024",842.98,842.98,822,827.62,827.62,4571
"May 29, 2024",850.98,850.98,835,836.52,836.52,3215
"May 28, 2024",847,852,842.09,844.17,844.17,2720
"May 27, 2024",852.48,852.48,843.47,846.17,846.17,2101
"May 24, 2024",849.98,849.98,840.12,844.96,844.96,2247
"May 23, 2024",831,844.63,829.62,842.16,842.16,4561
"May 22, 2024",826.1,831.28,824.02,829.99,829.99,1307
"May 21, 2024",832.98,832.98,825.73,828.5,828.5,2255
"May 17, 2024",817.02,829,817,826.8,826.8,4446
"May 16, 2024",821,830.98,810.84,822.75,822.75,4844
"May 15, 2024",827,827.98,815.99,822,822,2829
"May 14, 2024",822.98,829.48,808.02,819.48,819.48,2938
"May 13, 2024",823.98,823.98,805,814.97,814.97,3464
"May 10, 2024",814.97,825.41,811.99,816.12,816.12,4223
"May 9, 2024",821.93,825.41,809.5,810.89,810.89,4406
"May 8, 2024",829.98,829.98,816.03,822.14,822.14,1541
"May 7, 2024",827.98,828,820,822.23,822.23,2357
"May 6, 2024",836.96,836.96,823.9,826.69,826.69,1762
"May 3, 2024",830.02,840.78,823.23,827.32,827.32,6915
"May 2, 2024",841.98,844.7,831.3,834.43,834.43,2075
"Apr 30, 2024",832.51,838,832.45,833.77,833.77,5671
"Apr 29, 2024",827.6,834.97,825.6,832.51,832.51,2569
"Apr 26, 2024",831,831,825,825.26,825.26,3905
"Apr 25, 2024",831.9,831.9,823.01,828.75,828.75,1553
"Apr 24, 2024",832.97,832.97,820.02,826.58,826.58,1247
"Apr 23, 2024",826.9,827.59,822.06,823.76,823.76,1391
"Apr 22, 2024",816,823.98,812.02,821.3,821.3,3120
"Apr 19, 2024",807.02,816.69,802,815.37,815.37,3787
"Apr 18, 2024",816.52,820.32,810,811.33,811.33,5500
"Apr 16, 2024",821.57,821.57,812.96,816.46,816.46,2837
"Apr 15, 2024",834,836.98,800,821.57,821.57,5151
"Apr 12, 2024",836.7,843.98,831,831.86,831.86,4353
"Apr 10, 2024",837,839.05,834.32,836.8,836.8,1666
"Apr 9, 2024",836.48,840,832.45,834.7,834.7,2308
"Apr 8, 2024",833.9,836.65,830.41,834.11,834.11,2328
"Apr 5, 2024",833.98,833.98,825.05,829.79,829.79,1429
"Apr 4, 2024",826,831.7,820.09,828.78,828.78,2434
"Apr 3, 2024",820.02,829.23,820.02,826.15,826.15,1343
"Apr 2, 2024",832.66,838.92,825,826.32,826.32,2255
"Apr 1, 2024",831.98,849,819.1,826.18,826.18,2355
"Mar 28, 2024",818.12,830,818.12,823.29,823.29,2036
"Mar 27, 2024",818.98,818.98,812.33,813.59,813.59,774
"Mar 26, 2024",815,815,810,811.33,811.33,1532
"Mar 22, 2024",811.81,817.71,805.68,814.4,814.4,2409
"Mar 21, 2024",811,814.98,808.6,813.43,813.43,1675
"Mar 20, 2024",813.98,813.98,799.26,806.93,806.93,2129
"Mar 19, 2024",819.98,819.98,805.09,806.15,806.15,3096
"Mar 18, 2024",814,816.68,808.1,814.38,814.38,894
"Mar 15, 2024",824.33,824.33,810,814.23,814.23,1438
"Mar 14, 2024",821.98,821.98,811.01,817.58,817.58,1672
"Mar 13, 2024",823.35,827.97,810.05,816.88,816.88,3165
"Mar 12, 2024",828.9,830.98,819.12,821.69,821.69,1033
"Mar 11, 2024",822.02,832.98,822.02,823.3,823.3,1475
"Mar 7, 2024",829.69,829.87,823.91,826.39,826.39,1928
"Mar 6, 2024",829.98,829.98,818.31,827.15,827.15,1269
"Mar 5, 2024",830,830,821,823.96,823.96,6886
"Mar 4, 2024",826.19,827.98,812.19,826.2,826.2,3431
"Mar 1, 2024",813.9,823,812.2,821.78,821.78,1878
"Feb 29, 2024",816.98,816.98,804.66,810.28,810.28,1703
"Feb 28, 2024",810.02,818.4,807,810.08,810.08,2143
"Feb 27, 2024",811.1,817.89,811,816.78,816.78,749
"Feb 26, 2024",820.06,820.06,811,813.19,813.19,742
"Feb 23, 2024",822.98,822.98,816,817.41,817.41,952
"Feb 22, 2024",818,818,806.5,815.3,815.3,2004
"Feb 21, 2024",815.45,818,811,812.1,812.1,905
"Feb 20, 2024",815,815,808.88,814.75,814.75,1264
"Feb 19, 2024",809.25,816.48,807,810.32,810.32,2433
"Feb 16, 2024",806.75,809.25,800,809.02,809.02,2814
"Feb 15, 2024",803.99,807.97,796.02,803.33,803.33,1086
"Feb 14, 2024",799.98,802,788,800.07,800.07,7741
"Feb 13, 2024",798.48,800.92,790.96,799.67,799.67,1380
"Feb 12, 2024",808.94,809.95,792.1,795.07,795.07,2565
"Feb 9, 2024",795,805.98,794.02,801.01,801.01,1450
"Feb 8, 2024",806,808,796,798.38,798.38,3659
"Feb 7, 2024",816,816,796.31,806.12,806.12,880
"Feb 6, 2024",803.1,811.95,800.3,805.99,805.99,2195
"Feb 5, 2024",810.98,810.98,796.02,805.8,805.8,1978
"Feb 2, 2024",807.98,814,797,804.69,804.69,1851
"Feb 1, 2024",805.48,805.48,797.83,799.63,799.63,2815
"Jan 31, 2024",801.45,801.45,792,798.58,798.58,950
"Jan 30, 2024",802,804.85,793,795.74,795.74,2156
"Jan 29, 2024",788.02,804.28,788.02,802.21,802.21,1585
"Jan 25, 2024",792.23,805.94,784.25,791.56,791.56,2073
"Jan 24, 2024",793.98,793.98,781.1,792.65,792.65,1153
"Jan 23, 2024",807.98,807.98,785.68,787.37,787.37,4286
"Jan 19, 2024",809.98,815,786.12,800.11,800.11,4405
"Jan 17, 2024",819.59,820,797,799.76,799.76,11694
"Jan 16, 2024",823.98,823.98,814,815.59,815.59,1758
"Jan 15, 2024",808.99,818.53,808.99,817.03,817.03,1437
"Jan 12, 2024",806,809.9,803,808.99,808.99,1485
"Jan 11, 2024",803,804.11,798.9,801.33,801.33,769
"Jan 10, 2024",804.98,804.98,792.02,798.18,798.18,6471
"Jan 9, 2024",804.9,804.9,796.15,797.13,797.13,2017
"Jan 8, 2024",809.98,809.98,796.16,798.33,798.33,2458
"Jan 5, 2024",806.7,808,796.1,802.39,802.39,3217
"Jan 4, 2024",805.98,805.98,796.47,802.81,802.81,2791
"Jan 3, 2024",795.02,810,795.02,798.15,798.15,2157
"Jan 2, 2024",808,812,798.41,803.38,803.38,2412
"Jan 1, 2024",811.98,811.98,800.02,805.95,805.95,1709
"Dec 29, 2023",812.25,813,800.02,805.25,805.25,4240
"Dec 28, 2023",800,809.22,797.02,807.31,807.31,2391
"Dec 27, 2023",804.98,804.98,797.18,802.7,802.7,1525
"Dec 26, 2023",793.99,797.64,785.02,797.29,797.29,3077
"Dec 22, 2023",791.6,794.71,788.19,793.74,793.74,1115
"Dec 21, 2023",789.98,791.79,761.23,791.59,791.59,4102
"Dec 20, 2023",805.98,805.98,787,789.99,789.99,2994
"Dec 19, 2023",797.76,798.3,794.2,798.28,798.28,1029
"Dec 18, 2023",799.98,814.7,791.65,797.08,797.08,2299
"Dec 15, 2023",790.84,795,787.19,793.53,793.53,1971
"Dec 14, 2023",775.73,789.56,775.73,786.81,786.81,1971
"Dec 13, 2023",779.99,779.99,770,775.73,775.73,2399
"Dec 12, 2023",776.02,787.98,775.11,777.62,777.62,2785
"Dec 11, 2023",772.02,785.98,772.02,781.6,781.6,1619
"Dec 8, 2023",779,780.58,775.19,778.34,778.34,2499
"Dec 7, 2023",775.6,775.65,772.1,775.23,775.23,1080
"Dec 6, 2023",777.98,779.14,773.05,775.6,775.6,2087
"Dec 5, 2023",774.98,774.98,768,770.96,770.96,2136
"Dec 4, 2023",754.02,769.72,754.02,767.36,767.36,5870
"Dec 1, 2023",752,754.25,745.36,751.69,751.69,5537
"Nov 30, 2023",751.98,751.98,742.47,745.36,745.36,2572
"Nov 29, 2023",739.5,745,739.5,744.7,744.7,3704
"Nov 28, 2023",737.98,738,730.57,737.3,737.3,2912
"Nov 24, 2023",741.98,741.98,727.02,730.57,730.57,1096
"Nov 23, 2023",735.99,738.68,735.16,737.73,737.73,1037
"Nov 22, 2023",737,737.95,733.15,735.99,735.99,904
"Nov 21, 2023",730.02,736.84,730.02,735.12,735.12,2046
"Nov 20, 2023",739.98,739.98,730.24,733.67,733.67,856
"Nov 17, 2023",734,737.59,729.02,733.74,733.74,1185
"Nov 16, 2023",730.1,740,728.78,735.68,735.68,2409
"Nov 15, 2023",734.5,734.98,727.91,732.98,732.98,1313
"Nov 13, 2023",734.98,734.98,722.48,725.38,725.38,1169
"Nov 10, 2023",724.1,725.9,719.54,725.43,725.43,503
"Nov 9, 2023",726.02,726.5,722.52,724.33,724.33,557
"Nov 8, 2023",726.21,726.59,722.62,725.13,725.13,580
"Nov 7, 2023",724.17,725.77,720.51,725.3,725.3,765
"Nov 6, 2023",715.5,725,715.5,723.3,723.3,1940
"Nov 3, 2023",711.02,724.92,711.02,717.89,717.89,1039
"Nov 2, 2023",718.98,718.98,711.87,715.22,715.22,814
"Nov 1, 2023",719.98,719.98,709,710.23,710.23,2238
"Oct 31, 2023",722.48,722.48,712.5,713.4,713.4,1459
"Oct 30, 2023",712,719.82,706.03,715.59,715.59,4437
"Oct 27, 2023",713.98,715,710,712.22,712.22,3520
"Oct 26, 2023",721.78,721.98,705,706.4,706.4,8632
"Oct 25, 2023",729.98,729.98,713.9,715.82,715.82,4811
"Oct 23, 2023",729.5,739,719.5,722.26,722.26,2321
"Oct 20, 2023",729.99,731,727.45,728.33,728.33,2750
"Oct 19, 2023",740.98,740.98,727.35,731.64,731.64,863
"Oct 18, 2023",740.48,740.99,733.75,735.12,735.12,1379
"Oct 17, 2023",742.29,742.29,737.41,739.58,739.58,1445
"Oct 16, 2023",738.97,744.48,735,737.36,737.36,698
"Oct 13, 2023",744.98,744.98,735.3,738.97,738.97,857
"Oct 12, 2023",742.43,742.5,737.81,740.51,740.51,2192
"Oct 11, 2023",734.1,741.18,732.1,740.05,740.05,1256
"Oct 10, 2023",737.98,737.98,730.97,735.74,735.74,800
"Oct 9, 2023",739.98,739.98,725,731.23,731.23,1925
"Oct 6, 2023",732,736.98,720.22,736,736,984
"Oct 5, 2023",729.5,732.69,727.53,731.76,731.76,1101
"Oct 4, 2023",734,734,723,725.51,725.51,2948
"Oct 3, 2023",739.98,739.98,727.01,730.64,730.64,1623
"Sep 29, 2023",738.98,738.98,729.01,733.61,733.61,1987
"Sep 28, 2023",739,739.69,728,731.16,731.16,1764
"Sep 27, 2023",739.98,744.95,729.98,735.92,735.92,1790
"Sep 26, 2023",740.98,740.98,732.7,733.65,733.65,923
"Sep 25, 2023",742.98,742.98,731.35,734.52,734.52,3640
"Sep 22, 2023",745.98,745.98,735,736.53,736.53,1914
"Sep 21, 2023",752.98,752.98,735.75,738.14,738.14,3107
"Sep 20, 2023",757.98,757.98,744,745.3,745.3,1618
"Sep 18, 2023",762.23,762.23,741.23,753.34,753.34,1121
"Sep 15, 2023",752.58,757.56,751.7,756.23,756.23,645
"Sep 14, 2023",757.98,757.98,748.1,752.58,752.58,1600
"Sep 13, 2023",753.98,753.98,746.5,751.61,751.61,2070
"Sep 12, 2023",752.98,752.98,744.79,747.59,747.59,1654
"Sep 11, 2023",733.02,748.45,733.02,745.4,745.4,2222
"Sep 8, 2023",737.01,742,737.01,739.96,739.96,1452
"Sep 7, 2023",734,738,730.12,736.68,736.68,1635
"Sep 6, 2023",734.5,735,729.5,732.57,732.57,979
"Sep 5, 2023",731.5,732.61,729.38,731.99,731.99,637
"Sep 4, 2023",733,733,725.97,729.59,729.59,1068
"Sep 1, 2023",731.98,731.98,721.1,728.35,728.35,1394
"Aug 31, 2023",726.25,729.13,719.1,725.84,725.84,529
"Aug 30, 2023",732.98,732.98,723.5,725.29,725.29,5825
"Aug 29, 2023",726.03,726.96,722.36,725.66,725.66,8158
"Aug 28, 2023",729.98,729.98,720.41,724.45,724.45,3905
"Aug 25, 2023",726.5,729.7,721.02,723.11,723.11,2215
"Aug 24, 2023",733.98,733.98,727.26,727.74,727.74,1544
"Aug 23, 2023",731.98,731.98,723.1,726.25,726.25,1243
"Aug 22, 2023",728.28,731,723.67,724.98,724.98,881
"Aug 21, 2023",715.02,730,715.02,728.68,728.68,669
"Aug 18, 2023",732.98,732.98,722,723.25,723.25,1392
"Aug 17, 2023",733.98,733.98,725,726.23,726.23,836
"Aug 16, 2023",730.5,731.99,721.1,728.99,728.99,853
"Aug 14, 2023",724.98,734.9,721.31,728.06,728.06,1523
"Aug 11, 2023",732,737.9,727,728.34,728.34,1399
"Aug 10, 2023",739.98,739.98,724.1,731.23,731.23,945
"Aug 9, 2023",730.1,736,727.12,733.88,733.88,977
"Aug 8, 2023",727.1,734.89,727.1,732.94,732.94,440
"Aug 7, 2023",721.02,736.98,721.02,731.31,731.31,1112
"Aug 4, 2023",732.98,738,726.11,729.3,729.3,1709
"Aug 3, 2023",721.02,739,721.02,726.34,726.34,4701
"Jul 28, 2023",744.98,744.98,732.21,733.13,733.13,1685
"Jul 26, 2023",741.56,743.61,740.01,742.36,742.36,891
"Jul 24, 2023",746,748.98,735,738.92,738.92,2025
"Jul 21, 2023",749.9,749.9,739.1,742.24,742.24,3371
"Jul 20, 2023",749.9,750.98,743,748.33,748.33,1168
"Jul 19, 2023",748.98,748.98,740.03,744.95,744.95,1417
"Jul 17, 2023",722.09,740,722.09,738.97,738.97,1078
"Jul 14, 2023",731.8,736,727.01,734.59,734.59,1027
"Jul 10, 2023",728.9,731.8,723.01,725.61,725.61,1425
"Jul 7, 2023",730.17,731.13,723.36,725.02,725.02,1587
"Jun 30, 2023",711.9,720,705,718.28,718.28,1659
"Jun 28, 2023",704.9,711.12,703.43,708.64,708.64,1831
"Jun 27, 2023",699.59,704.78,698.25,702.1,702.1,1419
"Jun 26, 2023",702,704.9,694.1,699.59,699.59,909
"Jun 23, 2023",706,706,694.11,699.42,699.42,1158
"Jun 22, 2023",707,707.98,698.01,702.81,702.81,638
"Jun 21, 2023",701.96,705.94,700.94,701.68,701.68,1172
"Jun 20, 2023",707,720,696.43,701.78,701.78,3728
"Jun 19, 2023",708.98,708.98,590,701.91,701.91,1641
"Jun 16, 2023",699.07,709,696.01,702.49,702.49,3300
"Jun 15, 2023",701.7,701.7,696,697.23,697.23,1120
"Jun 14, 2023",699,701.79,697,699.73,699.73,884
"Jun 13, 2023",701.98,701.98,691,696.3,696.3,1103
"Jun 12, 2023",694,698,694,695.84,695.84,389
"Jun 9, 2023",700,701,694,694.79,694.79,678
"Jun 8, 2023",698,702,695.1,697.79,697.79,1660
"Jun 7, 2023",696,699,692,698.06,698.06,638
"Jun 6, 2023",696,697.85,692.01,696.57,696.57,641
"Jun 5, 2023",700.98,700.98,691.1,697.09,697.09,847
"Jun 2, 2023",698,698,690.36,694.01,694.01,796
"Jun 1, 2023",695.15,695.51,691.92,692.96,692.96,687
"May 31, 2023",699.98,699.98,691,693.9,693.9,1315
"May 30, 2023",699.8,704,692.95,695.55,695.55,2027
"May 26, 2023",682.77,690,682.77,689.63,689.63,1063
"May 25, 2023",682.1,684.95,678.1,684.76,684.76,719
"May 24, 2023",688,690.98,679.1,684.12,684.12,545
"May 23, 2023",685.2,688.41,684.32,686.27,686.27,740
"May 22, 2023",687.98,687.98,672.02,683.52,683.52,1693
"May 19, 2023",672,684.98,670.33,682.19,682.19,933
"May 17, 2023",684.01,685.47,679,682.08,682.08,1821
"May 16, 2023",688,690.78,685,687.18,687.18,1718
"May 15, 2023",687.77,689,681,688.59,688.59,3477
"May 12, 2023",689.98,689.98,676.1,682,682,1500
"May 11, 2023",682.01,685,681.21,683.88,683.88,5388
"May 10, 2023",683,683.43,679.44,682.61,682.61,437
"May 9, 2023",680.53,683.07,679.12,682.7,682.7,844
"May 8, 2023",681.98,683.98,675.65,679.57,679.57,2945
"May 5, 2023",680,683.98,673.56,675.66,675.66,1719
"May 4, 2023",678,680,673.33,678.89,678.89,1103
"May 3, 2023",666.63,681.63,666.63,673.01,673.01,1558
"May 2, 2023",676.98,679,667.1,676.39,676.39,1871
"Apr 28, 2023",672.98,673,666,670.34,670.34,1262
"Apr 27, 2023",669.98,669.98,663.01,666.53,666.53,787
"Apr 26, 2023",669.98,669.98,660.64,663.25,663.25,1207
"Apr 25, 2023",665,665,659.76,664.04,664.04,1023
"Apr 24, 2023",664.98,664.98,652.12,662.02,662.02,517
"Apr 21, 2023",659.86,660.21,655.01,659.11,659.11,1095
"Apr 20, 2023",660,660,655.07,655.9,655.9,827
"Apr 19, 2023",660.6,660.6,657,657.44,657.44,352
"Apr 18, 2023",660,666.98,656,660.25,660.25,514
"Apr 17, 2023",655.03,675,655.03,660.77,660.77,1289
"Apr 13, 2023",664,666.27,660.1,665,665,794
"Apr 12, 2023",663.7,672.43,659,664.47,664.47,728
"Apr 11, 2023",661.01,664.65,660.3,663.51,663.51,1074
"Apr 10, 2023",662,667.88,655.1,661.47,661.47,1347
"Apr 6, 2023",656.04,661.08,654.9,660.61,660.61,1723
"Apr 5, 2023",658.48,659.34,646.1,656.79,656.79,2206
"Apr 3, 2023",650.95,652.38,648,651.85,651.85,957
"Mar 31, 2023",644.98,651.65,631.1,651.16,651.16,3895
"Mar 29, 2023",641,642.89,634.7,638.2,638.2,1267
"Mar 28, 2023",635.01,642.98,634.68,636.29,636.29,1897
"Mar 27, 2023",641,643.99,633.01,634.89,634.89,762
"Mar 24, 2023",645.98,645.98,634.1,635.92,635.92,2155
"Mar 23, 2023",640.9,643.1,634.1,640.28,640.28,1121
"Mar 22, 2023",643,643.84,638.6,640.95,640.95,1362
"Mar 21, 2023",640,641.95,636.3,639.08,639.08,2160
"Mar 20, 2023",627.1,646.98,627.1,636.48,636.48,2730
"Mar 17, 2023",642,644.98,635,639.87,639.87,1111
"Mar 16, 2023",637.98,638.81,630,636.86,636.86,2929
"Mar 15, 2023",644.9,659.9,632.55,633.7,633.7,4314
"Mar 14, 2023",649.9,649.98,638,638.99,638.99,3062
"Mar 13, 2023",654.9,656.95,642.72,643.48,643.48,4863
"Mar 10, 2023",661.06,661.2,650.97,653.27,653.27,3099
"Mar 9, 2023",668,668.98,660.54,661.06,661.06,1022
"Mar 8, 2023",669.98,669.98,657.1,662.9,662.9,983
"Mar 6, 2023",660.5,666.75,655.1,665.21,665.21,1077
"Mar 3, 2023",655,661,654.69,660.15,660.15,602
"Mar 2, 2023",662.98,662.98,648.9,651.68,651.68,695
"Mar 1, 2023",656.98,659.9,652.5,656.39,656.39,1073
"Feb 28, 2023",654.61,659.9,648.37,650.29,650.29,1051
"Feb 27, 2023",662.98,662.98,651,655.11,655.11,1933
"Feb 24, 2023",664,665.98,656,657.18,657.18,1505
"Feb 23, 2023",664.98,664.98,656,658.38,658.38,1346
"Feb 22, 2023",669,669,657.14,658.59,658.59,4042
"Feb 21, 2023",671.94,671.99,667.4,670.52,670.52,571
"Feb 20, 2023",679.98,679.98,667.11,670.41,670.41,1027
"Feb 17, 2023",676.1,679.12,670.1,673.17,673.17,677
"Feb 16, 2023",677.18,680,674.3,676.12,676.12,1158
"Feb 15, 2023",672.35,674.12,668.91,673.87,673.87,738
"Feb 14, 2023",673.98,673.98,667,670.45,670.45,5266
"Feb 13, 2023",674.98,674.98,662.31,667.83,667.83,506
"Feb 10, 2023",670,670.3,666.01,669.71,669.71,1688
"Feb 9, 2023",661,675,661,669.78,669.78,477
"Feb 8, 2023",672.87,672.87,664.91,670.97,670.97,329
"Feb 7, 2023",674,674.98,663.51,665.87,665.87,445
"Feb 6, 2023",674.98,674.98,665.02,667.87,667.87,1108
"Feb 3, 2023",665,668.98,660.58,668.2,668.2,704
"Feb 2, 2023",663.98,663.98,656,661.64,661.64,685
"Feb 1, 2023",666.98,668.58,651.31,658.13,658.13,2338
"Jan 31, 2023",663.98,663.98,649.1,657.51,657.51,1184
"Jan 30, 2023",662.98,668.29,648,656.97,656.97,1865
"Jan 27, 2023",669.98,695.25,650,658.32,658.32,2175
"Jan 25, 2023",674.98,674.98,663.94,664.26,664.26,990
"Jan 24, 2023",675,675,668.1,670,670,380
"Jan 23, 2023",669.45,676.98,668.01,669.59,669.59,1371
"Jan 20, 2023",675,675,667.72,669.33,669.33,692
"Jan 19, 2023",670.23,674.8,664.1,670.71,670.71,425
"Jan 18, 2023",673.98,673.98,664.1,670.43,670.43,598
"Jan 17, 2023",668.98,668.98,663.01,666.38,666.38,757
"Jan 16, 2023",667,671.98,660.01,662.59,662.59,847
"Jan 13, 2023",661.1,665.6,655.1,663.49,663.49,292
"Jan 12, 2023",662,663.05,657.06,661.21,661.21,535
"Jan 11, 2023",662,665.1,659.54,663.7,663.7,316
"Jan 10, 2023",673.98,673.98,661.9,663.63,663.63,1351
"Jan 9, 2023",664.67,669.3,662.01,667.18,667.18,412
"Jan 6, 2023",670,671.9,659.2,661.09,661.09,2407
"Jan 5, 2023",670.1,674,661,665.6,665.6,1250
"Jan 4, 2023",677.45,700,667.15,673.6,673.6,2417
"Jan 3, 2023",678,678,672.23,675.78,675.78,610
"Jan 2, 2023",677,677,670.45,672.75,672.75,346
"Dec 30, 2022",676,680,666.92,671.43,671.43,389
"Dec 29, 2022",669,675.14,664.4,674.91,674.91,710
"Dec 28, 2022",672,672.69,668.11,670.65,670.65,977
"Dec 27, 2022",664.1,672.69,662,671.19,671.19,615
"Dec 26, 2022",665.98,669.97,661.5,666.35,666.35,1285
"Dec 23, 2022",675,675,656.32,660.22,660.22,5091
"Dec 22, 2022",673.1,680.98,667,672.05,672.05,1176
"Dec 21, 2022",678.3,683,671.3,674.76,674.76,815
"Dec 20, 2022",685,685.99,673,680.22,680.22,894
"Dec 19, 2022",680,682.18,676.1,681.65,681.65,254
"Dec 16, 2022",686.98,686.98,674.12,677.3,677.3,1290
"Dec 15, 2022",693.98,702.4,682.29,682.73,682.73,1020
"Dec 14, 2022",692.51,692.87,687.85,688.59,688.59,882
"Dec 13, 2022",685.1,691.98,679.1,688.33,688.33,153
"Dec 12, 2022",689.98,694,678.62,685.24,685.24,2726
"Dec 9, 2022",692.14,692.14,684.1,686.25,686.25,1123
"Dec 8, 2022",688.99,690.79,683.88,690.38,690.38,599
"Dec 7, 2022",693,693,686.61,688.96,688.96,778
"Dec 6, 2022",676.4,696.98,676.4,690.74,690.74,768
"Dec 5, 2022",698,699.98,686.27,693.18,693.18,1761
"Dec 2, 2022",700,700,691.64,693.78,693.78,1465
"Dec 1, 2022",699.98,700.9,697,698.16,698.16,3841
"Nov 30, 2022",693.84,697.53,687.79,692.98,692.98,375
"Nov 29, 2022",686.87,692.39,686.87,692,692,1375
"Nov 28, 2022",685,688.24,684.37,687.6,687.6,487
"Nov 25, 2022",684.08,687.54,676.58,684.94,684.94,1230
"Nov 24, 2022",676.09,686.41,676.09,684.11,684.11,587
"Nov 23, 2022",675.21,680.46,674.53,676.23,676.23,288
"Nov 22, 2022",680,680.98,670.1,674.88,674.88,562
"Nov 21, 2022",680.1,680.1,671.27,674.93,674.93,814
"Nov 18, 2022",685,687.6,677,680.72,680.72,526
"Nov 17, 2022",687.98,687.98,678.62,681.99,681.99,2228
"Nov 16, 2022",685,685,677.84,683.3,683.3,3510
"Nov 15, 2022",686.98,686.98,675,680,680,1968
"Nov 14, 2022",684.98,684.98,673.1,680.2,680.2,966
"Nov 11, 2022",679.45,680,666,678.02,678.02,1114
"Nov 10, 2022",677.98,677.98,665,666.1,666.1,419
"Nov 9, 2022",672.6,675,661.56,673.15,673.15,553
"Nov 7, 2022",661.31,675,661.31,672.6,672.6,296
"Nov 4, 2022",672,672.36,666.31,670.69,670.69,610
"Nov 3, 2022",669,672.18,664.1,669.28,669.28,716
"Nov 2, 2022",675,675,664.1,669.63,669.63,646
"Nov 1, 2022",670,672.3,664.1,671.55,671.55,2316
"Oct 31, 2022",669.98,669.98,655.1,665.51,665.51,895
"Oct 28, 2022",661,661.59,656.11,659.08,659.08,526
"Oct 27, 2022",656.37,663.98,653.66,656.17,656.17,335
"Oct 25, 2022",661.98,661.98,654.16,655.73,655.73,1584
"Oct 24, 2022",664.98,670,652.61,657.82,657.82,798
"Oct 21, 2022",640.61,654.98,640.61,652.61,652.61,581
"Oct 20, 2022",645,650,637.1,648.9,648.9,6232
"Oct 19, 2022",649.9,651,646.84,647.1,647.1,1142
"Oct 18, 2022",645,648.9,641.5,647.54,647.54,890
"Oct 17, 2022",639.98,642.98,635.95,641.09,641.09,429
"Oct 14, 2022",641.99,641.99,634.52,636.38,636.38,478
"Oct 13, 2022",631,633.15,626.14,629.98,629.98,733
"Oct 12, 2022",629,634.57,629,633.32,633.32,151
"Oct 11, 2022",639.99,649,603.3,626.34,626.34,1725
"Oct 10, 2022",639,639,632.21,637.85,637.85,424
"Oct 7, 2022",640,641.2,635.2,640.62,640.62,579
"Oct 6, 2022",643,645.98,639.11,641.56,641.56,758
"Oct 4, 2022",639.98,639.98,631,637.84,637.84,248
"Oct 3, 2022",633.98,639,625.01,625.89,625.89,5080
"Sep 30, 2022",625,654,620,630.26,630.26,7391
"Sep 29, 2022",604.01,638.98,604.01,621.68,621.68,989
"Sep 28, 2022",628,663,623,627.73,627.73,932
"Sep 27, 2022",635,636.98,628,629.74,629.74,1488
"Sep 26, 2022",640,650,629,630.62,630.62,2980
"Sep 23, 2022",650,650,639.36,640.51,640.51,1365
"Sep 22, 2022",653.1,653.83,648,650.89,650.89,443
"Sep 21, 2022",657.8,657.81,653.3,654.91,654.91,210
"Sep 20, 2022",655.26,658.8,654.9,655.3,655.3,1061
"Sep 19, 2022",651,651.84,644.99,648.74,648.74,267
"Sep 16, 2022",659,663.98,647.54,648.34,648.34,2971
"Sep 15, 2022",666.9,677,656.96,659.98,659.98,874
"Sep 14, 2022",633.01,664.9,628.3,663.89,663.89,1277
"Sep 13, 2022",665,665,660.01,664.47,664.47,429
"Sep 12, 2022",660,662.94,657.44,659.7,659.7,815
"Sep 9, 2022",654.2,659.5,650.1,656.99,656.99,602
"Sep 8, 2022",655,655.41,646.1,654.13,654.13,725
"Sep 7, 2022",649,653.98,646.17,648.6,648.6,758
"Sep 6, 2022",651,653.98,646.97,650.98,650.98,440
"Sep 5, 2022",649.5,649.5,643.1,648.76,648.76,1050
"Sep 2, 2022",648,648.7,642.91,647.78,647.78,572
"Sep 1, 2022",645,654.98,643.15,646.72,646.72,1043
"Aug 30, 2022",643,651.82,640.23,651.38,651.38,1347
"Aug 29, 2022",643,649.9,621,638.43,638.43,1518
"Aug 26, 2022",653,654.98,647.05,648.03,648.03,494
"Aug 25, 2022",651.01,654.5,646.93,647.59,647.59,842
"Aug 24, 2022",654.98,660,646.01,648.99,648.99,1929
"Aug 23, 2022",645,651.98,640.1,649.37,649.37,897
"Aug 22, 2022",656.87,656.87,645,647.38,647.38,2294
"Aug 19, 2022",662.79,668.48,654.54,656.87,656.87,1080
"Aug 18, 2022",660.56,663.93,657.74,662.79,662.79,1668
"Aug 17, 2022",655.1,662.53,652.15,660.56,660.56,839
"Aug 16, 2022",656,659.09,655.77,658.41,658.41,468
"Aug 12, 2022",649.3,654,633.01,651.97,651.97,1147
"Aug 11, 2022",650,654.9,648,652.07,652.07,689
"Aug 10, 2022",639.33,650.48,632.45,646.89,646.89,773
"Aug 8, 2022",641.88,647,636,645.33,645.33,1267
"Aug 5, 2022",640.21,643.91,639.05,641.88,641.88,816
"Aug 4, 2022",644.15,644.24,633.89,641.37,641.37,406
"Aug 3, 2022",643.98,643.98,634.99,638.46,638.46,652
"Aug 2, 2022",641.99,641.99,632.39,638.56,638.56,640
"Aug 1, 2022",635.98,638.62,633,636.22,636.22,898
"Jul 29, 2022",622.33,631.95,619.1,629.07,629.07,1362
"Jul 28, 2022",598.3,624.4,598.3,621.89,621.89,705
"Jul 27, 2022",610,612.09,606.71,610.51,610.51,607
"Jul 26, 2022",612,612,607,608.35,608.35,753
"Jul 25, 2022",614.61,619.98,608.69,613.2,613.2,444
"Jul 22, 2022",613,617.22,610.22,614.61,614.61,951
"Jul 21, 2022",610,610.89,606,609.31,609.31,484
"Jul 20, 2022",605.98,609.99,595,608.69,608.69,1966
"Jul 19, 2022",602.98,602.98,594.42,597.89,597.89,224
"Jul 18, 2022",594.98,598.61,589.5,597.08,597.08,1061
"Jul 15, 2022",589,590.68,583.99,587.52,587.52,1112
"Jul 14, 2022",590,591.34,583.33,586.07,586.07,125
"Jul 13, 2022",598.98,598.98,545.3,588.76,588.76,512
"Jul 12, 2022",597,597,592,592.06,592.06,301
"Jul 11, 2022",595.57,598.48,592.68,598.12,598.12,258
"Jul 8, 2022",596.98,598.04,594.2,597.3,597.3,814
"Jul 7, 2022",592.98,594.76,590.11,591.1,591.1,263
"Jul 6, 2022",588.98,589.31,582.9,586.54,586.54,373
"Jul 5, 2022",581,589.36,579,583.33,583.33,557
"Jul 4, 2022",581.1,585.98,577.89,582.33,582.33,505
"Jul 1, 2022",580,581.52,573.45,580.75,580.75,1998
"Jun 30, 2022",582.9,585.48,580.21,581.88,581.88,1489
"Jun 29, 2022",578,584.5,577.16,582.9,582.9,377
"Jun 28, 2022",581.68,583.26,576.54,580.57,580.57,457
"Jun 27, 2022",585,586.99,575.1,580.47,580.47,861
"Jun 24, 2022",579,579.06,574.53,579,579,1130
"Jun 23, 2022",570,576.1,565.08,573.92,573.92,206
"Jun 22, 2022",574.1,574.1,567,569.85,569.85,948
"Jun 21, 2022",571,578.73,566.96,576.69,576.69,498
"Jun 20, 2022",560,567.9,560,567.08,567.08,941
"Jun 17, 2022",560,569.98,555.45,565.16,565.16,2163
"Jun 16, 2022",584,585.9,564,566.77,566.77,1449
"Jun 15, 2022",580,588,576.89,578.16,578.16,773
"Jun 14, 2022",580.67,584.98,574.1,578.41,578.41,888
"Jun 13, 2022",595,595,575,580.67,580.67,3512
"Jun 10, 2022",602.57,605.98,592.1,596.38,596.38,1084
"Jun 9, 2022",603.61,607.55,600,602.89,602.89,393
"Jun 8, 2022",610,610,600.03,603.61,603.61,669
"Jun 7, 2022",614.5,614.5,602.01,605.81,605.81,416
"Jun 6, 2022",618,618,604.1,611.2,611.2,916
"Jun 3, 2022",618,625,611.18,613.86,613.86,793
"Jun 2, 2022",600.1,612.86,600.1,612.83,612.83,303
"Jun 1, 2022",611,617,601.1,604.48,604.48,310
"May 31, 2022",615,618,607.71,609.3,609.3,238
"May 30, 2022",605,613,592.1,612.59,612.59,5444
"May 27, 2022",591,601.29,591,597.5,597.5,229
"May 26, 2022",590.94,594.47,586,593.5,593.5,87
"May 25, 2022",592.11,599.9,586.1,588.9,588.9,88
"May 24, 2022",594.84,596.01,588.29,592.11,592.11,1754
"May 23, 2022",593.97,599,590.63,594.84,594.84,225
"May 20, 2022",584.9,598.9,583,590.45,590.45,878
"May 19, 2022",590,593,574.53,578.24,578.24,5101
"May 18, 2022",595,599.19,590.15,593.88,593.88,2445
"May 17, 2022",585,600,577,589.77,589.77,406
"May 16, 2022",605,605,577,580.14,580.14,1024
"May 13, 2022",608,614,577.48,585.85,585.85,1126
"May 12, 2022",591.77,624,570.1,592.67,592.67,1160
"May 11, 2022",602,636,585.9,591.05,591.05,875
"May 10, 2022",600,626,595.56,595.91,595.91,163
"May 9, 2022",605,625,590,595.71,595.71,717
"May 6, 2022",597.7,635,597.7,599.88,599.88,2771
"May 5, 2022",615,620,609,609.88,609.88,346
"May 4, 2022",617.85,625,608,609.49,609.49,541
"Apr 29, 2022",634.9,634.9,623.78,623.93,623.93,130
"Apr 28, 2022",615.1,626,612.1,623.95,623.95,340
"Apr 27, 2022",615.1,622.44,615,621.28,621.28,247
"Apr 26, 2022",625,628,619.54,619.54,619.54,256
"Apr 25, 2022",629,629,610,616.5,616.5,459
"Apr 22, 2022",638,639,624,625.07,625.07,1767
"Apr 21, 2022",625,631.49,622.91,630.4,630.4,301
"Apr 20, 2022",626,635,618,622.18,622.18,246
"Apr 19, 2022",624.33,640,613.51,618.12,618.12,633
"Apr 18, 2022",636,636,621.1,624.33,624.33,1763
"Apr 13, 2022",648,648,636,637.81,637.81,565
"Apr 12, 2022",649.8,649.8,636,640.2,640.2,308
"Apr 11, 2022",654,654,642.1,644.82,644.82,307
"Apr 8, 2022",657,659.75,640.1,647.86,647.86,345
"Apr 7, 2022",660,660,645,646.8,646.8,1011
"Apr 6, 2022",658,665,650.1,652.12,652.12,991
"Apr 5, 2022",672.8,672.8,643.1,656.58,656.58,837
"Apr 4, 2022",646,660,634.1,659.6,659.6,3204
"Apr 1, 2022",645,655,636.3,641.46,641.46,568
"Mar 31, 2022",649.8,649.8,631.1,641.18,641.18,1333
"Mar 30, 2022",628.1,640,628.1,637.04,637.04,338
"Mar 29, 2022",630,630,625,630,630,41
"Mar 28, 2022",635,640,617.45,625,625,114
"Mar 25, 2022",625.1,629.01,623,625.36,625.36,180
"Mar 24, 2022",627.24,630.11,622.1,629.02,629.02,141
"Mar 23, 2022",635,636,627.13,627.24,627.24,51
"Mar 22, 2022",637.5,637.5,616.1,628.85,628.85,534
"Mar 21, 2022",644.5,644.5,622.1,622.87,622.87,528
"Mar 17, 2022",620,632,620,631.84,631.84,773
"Mar 16, 2022",620,625,604.1,619.4,619.4,158
"Mar 15, 2022",620,620,604.09,608.88,608.88,173
"Mar 14, 2022",605,612,595.1,612,612,434
"Mar 11, 2022",603,630,595.1,601.74,601.74,789
"Mar 10, 2022",596.5,610,582.95,605.97,605.97,2456
"Mar 9, 2022",592.65,597,574.5,596,596,940
"Mar 8, 2022",580,581,572.45,580.69,580.69,1707
"Mar 7, 2022",608,616,574.1,580,580,2412
"Mar 4, 2022",609,609,590,608.3,608.3,886
"Mar 3, 2022",609.9,609.9,600.05,601.72,601.72,394
"Mar 2, 2022",612.9,612.9,600,604.01,604.01,1420
"Feb 28, 2022",609.07,613.95,597.25,611.34,611.34,474
"Feb 25, 2022",644.9,645,605.89,609.07,609.07,2447
"Feb 24, 2022",625.51,640,605,619.64,619.64,5919
"Feb 23, 2022",630,630.48,620,623.51,623.51,218
"Feb 22, 2022",635,635,618,623,623,1051
"Feb 21, 2022",628.1,633.28,624.8,625.39,625.39,332
"Feb 18, 2022",640,640,625.38,632.5,632.5,269
"Feb 17, 2022",645.6,645.6,627.1,632.39,632.39,291
"Feb 16, 2022",640,650,627.64,632.91,632.91,244
"Feb 15, 2022",615.27,634,615.27,633.74,633.74,193
"Feb 11, 2022",654.85,654.85,632,634.45,634.45,196
"Feb 10, 2022",642,643.24,632,642,642,270
"Feb 9, 2022",636,637.32,630.07,637.11,637.11,261
"Feb 8, 2022",628,636,623,630.11,630.11,155
"Feb 7, 2022",636,655,626.4,629.03,629.03,1973
"Feb 4, 2022",642.29,642.33,634.17,637.42,637.42,61
"Feb 3, 2022",648.04,648.16,639,639.06,639.06,244
"Feb 2, 2022",640,645,640,643.66,643.66,636
"Feb 1, 2022",634,645,622.1,641.17,641.17,1998
"Jan 31, 2022",625.5,640,616.1,628.63,628.63,448
"Jan 28, 2022",635,635,621.19,623.16,623.16,569
"Jan 27, 2022",638,655,608.1,624.1,624.1,1143
"Jan 25, 2022",640,640,621.49,629.99,629.99,810
"Jan 24, 2022",655,655,624,628.52,628.52,816
"Jan 21, 2022",646.1,670,640.41,644.13,644.13,691
"Jan 20, 2022",670,685,643,648.97,648.97,1282
"Jan 19, 2022",675,678,652.1,656.27,656.27,315
"Jan 18, 2022",670,670,662.38,662.6,662.6,310
"Jan 17, 2022",666.58,670,663.75,666,666,449
"Jan 14, 2022",658.1,677,652.1,666.72,666.72,182
"Jan 13, 2022",663.49,667.88,661.15,661.83,661.83,57
"Jan 12, 2022",652.1,666,649.1,663.49,663.49,145
"Jan 11, 2022",660,660.76,652.94,655.71,655.71,665
"Jan 10, 2022",652,656.4,650,656,656,287
"Jan 7, 2022",660,660,646.79,646.79,646.79,58
"Jan 6, 2022",652,663,643.43,649.04,649.04,237
"Jan 5, 2022",645,656.89,645,656.54,656.54,339
"Jan 4, 2022",644.9,650,635.15,647.43,647.43,344
"Jan 3, 2022",636.9,650,630.5,641.67,641.67,480
"Dec 31, 2021",630,636.36,629.35,632.35,632.35,299
"Dec 30, 2021",629.9,631.21,625,625.43,625.43,131
"Dec 29, 2021",624,633,624,625.87,625.87,185
"Dec 28, 2021",630,638.05,624.68,626.5,626.5,157
"Dec 27, 2021",629.9,630,616.1,625.52,625.52,96
"Dec 24, 2021",623.8,623.8,616.44,620.3,620.3,166
"Dec 23, 2021",616.6,625,616.6,623.51,623.51,402
"Dec 22, 2021",613.05,620,613.05,618.3,618.3,43
"Dec 21, 2021",624.9,624.9,613.62,615,615,1083
"Dec 20, 2021",585,625,577.3,611.16,611.16,951
"Dec 17, 2021",628.1,632.2,619.1,623.26,623.26,437
"Dec 16, 2021",639.9,639.9,625.29,631.1,631.1,119
"Dec 15, 2021",631.1,650,622.1,630.74,630.74,200
"Dec 14, 2021",641,641,629.3,633.78,633.78,345
"Dec 13, 2021",645,648.9,630.1,635.44,635.44,443
"Dec 10, 2021",640,646.95,636.6,638.5,638.5,61
"Dec 9, 2021",635.1,642.08,633.12,634.24,634.24,295
"Dec 8, 2021",630,638.59,630,635.1,635.1,141
"Dec 7, 2021",630,630,625,626.5,626.5,39
"Dec 6, 2021",631.1,660,619,619.22,619.22,636
"Dec 3, 2021",638,638,627,629.1,629.1,114
"Dec 2, 2021",640,640,630.15,637.17,637.17,42
"Dec 1, 2021",629,631,625.47,625.67,625.67,93
"Nov 30, 2021",632,655,620,623.6,623.6,793
"Nov 29, 2021",640,658.9,616.1,626.4,626.4,880
"Nov 26, 2021",634,634.79,619.65,624.35,624.35,720
"Nov 25, 2021",635.9,641.79,631.9,636.07,636.07,139
"Nov 24, 2021",645,660,633,635.86,635.86,255
"Nov 23, 2021",643,650,630.01,639.88,639.88,349
"Nov 22, 2021",648.1,664.9,631.22,637.6,637.6,948
"Nov 18, 2021",653,664,647.36,650.49,650.49,64
"Nov 17, 2021",657,657.87,648.1,653.77,653.77,421
"Nov 16, 2021",660.25,675,655,655.33,655.33,159
"Nov 15, 2021",670,684.9,659,662.63,662.63,277
"Nov 12, 2021",657.01,668,652.02,668,668,67
"Nov 11, 2021",658.65,668,649.23,651.87,651.87,120
"Nov 10, 2021",655.74,658.87,653.33,655.38,655.38,363
"Nov 9, 2021",657,661.42,654.15,658.55,658.55,136
"Nov 8, 2021",665,690,650.1,655.71,655.71,418
"Nov 4, 2021",652.34,710,650.91,655.02,655.02,769
"Nov 3, 2021",655,657.69,651.1,652.34,652.34,82
"Nov 2, 2021",657.25,657.25,651.1,654.66,654.66,89
"Nov 1, 2021",658,671,648,656.33,656.33,110
"Oct 29, 2021",657,672,646,646.5,646.5,447
"Oct 28, 2021",665.1,665.1,654.1,654.93,654.93,373
"Oct 27, 2021",661,670.69,661,670.01,670.01,181
"Oct 26, 2021",651.05,680,651.05,663.39,663.39,269
"Oct 25, 2021",672,672,656.1,664.32,664.32,451
"Oct 22, 2021",675,675,657.96,659.17,659.17,220
"Oct 21, 2021",669.54,669.54,657.59,658.74,658.74,279
"Oct 20, 2021",684,684,661.93,668.03,668.03,190
"Oct 19, 2021",685,708,671,672.15,672.15,559
"Oct 18, 2021",666,730,658.1,673.78,673.78,466
"Oct 14, 2021",660,666,651.1,665.59,665.59,665
"Oct 13, 2021",659,659,654.41,658.33,658.33,91
"Oct 12, 2021",660,660,649.98,652.95,652.95,40
"Oct 11, 2021",655,665,651.63,653.75,653.75,445
"Oct 8, 2021",647.62,655.35,647.62,649.98,649.98,181
"Oct 7, 2021",652,652,636.1,649.93,649.93,280
"Oct 6, 2021",650,652.04,638,645.26,645.26,123
"Oct 5, 2021",650,650,640.75,649.55,649.55,196
"Oct 4, 2021",639.65,656,639.65,644.49,644.49,138
"Oct 1, 2021",644,660,635.92,639.65,639.65,197
"Sep 30, 2021",647.63,647.63,640.21,641.1,641.1,115
"Sep 29, 2021",656,670,642,647.5,647.5,318
"Sep 28, 2021",653.36,654.9,640.15,644.81,644.81,595
"Sep 27, 2021",660,665,639.1,653.36,653.36,277
"Sep 24, 2021",659.3,659.3,650.37,654.93,654.93,376
"Sep 23, 2021",655,661,642.15,646.37,646.37,807
"Sep 22, 2021",642,650,639.95,643.92,643.92,163
"Sep 21, 2021",639,644.22,635,641.29,641.29,379
"Sep 20, 2021",642.4,645.87,634.35,634.39,634.39,1207
"Sep 17, 2021",656,656,642.95,643.02,643.02,700
"Sep 16, 2021",647.75,655,637.89,643.12,643.12,1380
"Sep 15, 2021",645,645,633,635.04,635.04,630
"Sep 14, 2021",633,636,624,633.67,633.67,132
"Sep 13, 2021",629.93,650,629,634.36,634.36,109
"Sep 9, 2021",639,670,630,634.6,634.6,228
"Sep 8, 2021",643.8,643.8,629,634.23,634.23,72
"Sep 7, 2021",627.17,637.48,624.94,631.14,631.14,207
"Sep 6, 2021",639,660,626.38,633.99,633.99,354
"Sep 3, 2021",622,632.44,622,628.85,628.85,140
"Sep 2, 2021",636.7,636.7,619.87,622.61,622.61,388
"Sep 1, 2021",625,629.9,618.17,624.2,624.2,203
"Aug 31, 2021",611,626.92,611,620.61,620.61,245
"Aug 30, 2021",605,620,605,619.11,619.11,579
"Aug 27, 2021",608.43,609.37,604.14,607,607,51
"Aug 26, 2021",604.57,608.68,603.86,604.68,604.68,43
"Aug 25, 2021",609.5,609.5,603.69,604.57,604.57,34
"Aug 24, 2021",603.63,606.06,601,606,606,172
"Aug 23, 2021",594,604.74,593,601.18,601.18,164
"Aug 20, 2021",603,606,596.25,601.02,601.02,29
"Aug 18, 2021",594,612,591.8,602,602,225
"Aug 17, 2021",610,610,598.01,603.88,603.88,620
"Aug 16, 2021",611,613,596.49,602.36,602.36,161
"Aug 13, 2021",598.14,600.77,594.22,600.3,600.3,32
"Aug 12, 2021",590,595.7,589.82,591.56,591.56,95
"Aug 11, 2021",593.76,594.32,585.63,588.56,588.56,173
"Aug 10, 2021",593,595.15,588.02,593.48,593.48,322
"Aug 9, 2021",587,595,586.49,587.2,587.2,636
"Aug 6, 2021",587.93,593.18,586.28,587,587,305
"Aug 5, 2021",583,593.5,579.1,587.71,587.71,126
"Aug 4, 2021",581,590,577,587.54,587.54,93
"Aug 3, 2021",583.9,585.71,574.84,585.71,585.71,524
"Aug 2, 2021",583.66,583.66,572.04,576.76,576.76,82
"Jul 30, 2021",578,596,567.59,572.19,572.19,123
"Jul 29, 2021",578,578,564,567.99,567.99,52
"Jul 28, 2021",580,580,564,569.42,569.42,103
"Jul 27, 2021",571.1,580,566.14,571.2,571.2,203
"Jul 26, 2021",571.1,576.1,570.58,574.57,574.57,1094
"Jul 23, 2021",584,588,562.1,575.1,575.1,135
"Jul 22, 2021",572.98,574.84,568.53,573.02,573.02,234
"Jul 20, 2021",570,570,562.76,566.39,566.39,205
"Jul 19, 2021",577.5,577.5,568,571.82,571.82,201
"Jul 16, 2021",578.74,578.84,576.39,577.5,577.5,62
"Jul 15, 2021",584,589.8,565.1,572.02,572.02,594
"Jul 14, 2021",574,574,569.26,570.1,570.1,99
"Jul 13, 2021",564,574.3,564,574.17,574.17,28
"Jul 12, 2021",572,572.72,564.04,566.94,566.94,116
"Jul 9, 2021",570,570.63,564,565.54,565.54,87
"Jul 8, 2021",575.79,576.06,567.5,571.88,571.88,157
"Jul 7, 2021",570,584,567,571.01,571.01,113
"Jul 6, 2021",580,610,561.1,575.01,575.01,323
"Jul 5, 2021",580,580,569.49,569.49,569.49,126
"Jul 2, 2021",568.91,569.51,564.07,569,569,104
"Jul 1, 2021",580,584,565,569.73,569.73,867
"Jun 30, 2021",573.53,574.64,569.32,573.5,573.5,113
"Jun 29, 2021",568.99,572.33,568.99,571.96,571.96,97
"Jun 28, 2021",580,584.3,568.1,570.48,570.48,86
"Jun 25, 2021",572.59,574.9,568,572.81,572.81,24
"Jun 24, 2021",570,572.69,565.31,567.55,567.55,56
"Jun 23, 2021",568.1,571.56,564.39,568.95,568.95,121
"Jun 22, 2021",568.1,570.98,564.68,565.89,565.89,240
"Jun 21, 2021",550,579.9,550,571.3,571.3,238
"Jun 18, 2021",576,584.99,558.2,566.99,566.99,207
"Jun 17, 2021",565,580,561,564.56,564.56,68
"Jun 16, 2021",575,592,561.1,569.24,569.24,258
"Jun 15, 2021",569.6,569.6,565.93,569.6,569.6,168
"Jun 14, 2021",565.3,583.99,559.1,568.24,568.24,184
"Jun 11, 2021",570,570.96,565.3,566.08,566.08,63
"Jun 10, 2021",563,577,557.5,563.25,563.25,106
"Jun 9, 2021",563,567.9,556.1,560.51,560.51,262
"Jun 8, 2021",566.32,566.32,563.31,563.31,563.31,7
"Jun 7, 2021",560.4,569.9,557.46,566.32,566.32,52
"Jun 4, 2021",564,564,556.94,563.2,563.2,41
"Jun 3, 2021",565,565,560,562,562,69
"Jun 2, 2021",561,561,552.5,558,558,118
"Jun 1, 2021",560,565.6,557.79,561,561,793
"May 31, 2021",555,564.95,555,560.8,560.8,371
"May 28, 2021",550.78,557.43,550,556,556,502
"May 27, 2021",548,553.86,546.69,549.58,549.58,143
"May 26, 2021",550,555,545.01,552.26,552.26,99
"May 25, 2021",550,565,547,548.28,548.28,272
"May 24, 2021",552,569,535.01,547.09,547.09,561
"May 21, 2021",537.32,543.19,537.32,542.02,542.02,134
"May 20, 2021",545,545,528.1,536.19,536.19,105
"May 19, 2021",545,545,537,539.01,539.01,359
"May 18, 2021",526.16,543.49,526.16,541.99,541.99,242
"May 17, 2021",531.93,532.9,527.2,532.31,532.31,174
"May 14, 2021",539.9,539.9,522.81,523.8,523.8,70
"May 12, 2021",529,529,524.86,525,525,36
"May 11, 2021",529,532.79,523.1,529.95,529.95,48
"May 10, 2021",539.9,555,517.1,531.46,531.46,666
"May 7, 2021",523,533.89,516.75,529.01,529.01,69
"May 6, 2021",527.6,539,524.08,525.1,525.1,748
"May 5, 2021",522.1,524,516.1,522.87,522.87,21
"May 4, 2021",529.48,529.48,523.26,524.46,524.46,126
"May 3, 2021",539.89,539.89,524.19,524.34,524.34,89
"Apr 30, 2021",548.99,548.99,519,530.2,530.2,1127
"Apr 29, 2021",540,544.8,534.8,538.9,538.9,216
"Apr 28, 2021",530,535,528.93,533.29,533.29,103
"Apr 27, 2021",523,530.28,521.98,525.33,525.33,1861
"Apr 26, 2021",519.55,526.03,519.55,524.15,524.15,19
"Apr 23, 2021",515,521.39,513.86,519.92,519.92,232
"Apr 22, 2021",520.9,589,506,521.61,521.61,1620
"Apr 20, 2021",522.9,525.19,515.7,515.7,515.7,896
"Apr 19, 2021",523,523,513.1,517.44,517.44,168
"Apr 16, 2021",529.89,529.89,525.31,526.23,526.23,23
"Apr 15, 2021",523,529.9,520,524.26,524.26,112
"Apr 13, 2021",531.9,536,516.9,522.67,522.67,106
"Apr 12, 2021",549.95,549.95,515.51,521.47,521.47,632
"Apr 9, 2021",536.94,540.35,536.94,538,538,29
"Apr 8, 2021",542.28,542.49,536.78,536.94,536.94,71
"Apr 7, 2021",531.5,550,529,539,539,329
"Apr 6, 2021",545,545,531.88,531.88,531.88,79
"Apr 5, 2021",546,546,529.75,531.87,531.87,291
"Apr 1, 2021",540,546.99,533.4,546.99,546.99,71
"Mar 31, 2021",535,548.99,535,536.87,536.87,97
"Mar 30, 2021",552.65,599,527.1,536.3,536.3,313
"Mar 26, 2021",545,545,531,532,532,98
"Mar 25, 2021",545,548.99,531,538.32,538.32,323
"Mar 24, 2021",545,545,531,531.53,531.53,354
"Mar 23, 2021",541.22,552,537.01,546.63,546.63,143
"Mar 22, 2021",537.33,554.9,533.31,549.48,549.48,164
"Mar 19, 2021",545,597,527.7,536.17,536.17,1480
"Mar 18, 2021",555,570,531.1,533.68,533.68,295
"Mar 17, 2021",544.53,544.53,538.4,538.66,538.66,94
"Mar 16, 2021",545,555,529.1,541.71,541.71,81
"Mar 15, 2021",562.99,579,537.89,540.9,540.9,418
"Mar 12, 2021",559.83,559.83,546.6,546.6,546.6,31
"Mar 10, 2021",552.02,555.42,550.6,554.5,554.5,247
"Mar 9, 2021",559.25,559.25,535.1,549.28,549.28,135
"Mar 8, 2021",542.75,551.05,542.75,548.26,548.26,19
"Mar 5, 2021",547,564.99,541.7,542.65,542.65,187
"Mar 4, 2021",545,549.59,543.58,549.55,549.55,89
"Mar 3, 2021",554.3,554.3,540,552.57,552.57,74
"Mar 2, 2021",505.6,608.8,505.6,543.42,543.42,441
"Mar 1, 2021",545,572,532.01,538.62,538.62,277
"Feb 26, 2021",540,554,513.6,531.12,531.12,1186
"Feb 25, 2021",554.54,570,548.13,551.74,551.74,264
"Feb 24, 2021",540.67,628,500,545.27,545.27,1036
"Feb 23, 2021",561.2,561.2,535.8,539.15,539.15,307
"Feb 22, 2021",574,579,536,540.14,540.14,386
"Feb 19, 2021",553,575,550,550,550,90
"Feb 18, 2021",563,563,551.69,553.59,553.59,421
"Feb 17, 2021",563.6,569.99,547,559.6,559.6,168
"Feb 16, 2021",555,566.55,555,563.6,563.6,53
"Feb 15, 2021",545,562.88,545,560.05,560.05,150
"Feb 12, 2021",553.72,558.08,553.72,555.18,555.18,84
"Feb 11, 2021",551,580,551,557.12,557.12,198
"Feb 10, 2021",560,560,550.71,551.55,551.55,118
"Feb 9, 2021",555.83,558.93,555.83,556.12,556.12,145
"Feb 8, 2021",551.76,556.68,549.99,554.79,554.79,274
"Feb 5, 2021",544,550.78,529.9,549.04,549.04,198
"Feb 4, 2021",538.37,544.46,538.02,544,544,141
"Feb 3, 2021",535,545.3,535,540.49,540.49,551
"Feb 2, 2021",535,541.09,532,535.1,535.1,182
"Feb 1, 2021",500,535,493.1,523.19,523.19,458
"Jan 29, 2021",507,507.58,499.24,500.56,500.56,883
"Jan 28, 2021",530,548,503.71,506.52,506.52,273
"Jan 27, 2021",523,523,511.35,513.22,513.22,791
"Jan 25, 2021",545,560,516.75,521.75,521.75,33
"Jan 22, 2021",536.43,536.43,527.04,529.05,529.05,38
"Jan 21, 2021",533.81,542.1,528,532.13,532.13,161
"Jan 20, 2021",534.81,538.53,533.81,535.34,535.34,62
"Jan 19, 2021",528,531.09,525.89,530,530,24
"Jan 18, 2021",528,570,525,528.55,528.55,1050
"Jan 15, 2021",531.07,533.13,526.52,528.46,528.46,697
"Jan 14, 2021",533.63,533.63,529.03,532.6,532.6,14
"Jan 13, 2021",534.03,536.82,534.03,535.09,535.09,19
"Jan 12, 2021",525,534.9,525,534.46,534.46,44
"Jan 11, 2021",525,532.65,525,531.41,531.41,80
"Jan 8, 2021",523.4,524.93,519.83,523.72,523.72,103
"Jan 7, 2021",523.04,523.04,517.84,518.25,518.25,32
"Jan 6, 2021",525,540,515.4,520.77,520.77,206
"Jan 5, 2021",515,521.65,512,519.15,519.15,1026
"Jan 4, 2021",510,519.74,501.75,518.36,518.36,267
"Jan 1, 2021",507.05,517.04,507.05,515.07,515.07,164
"Dec 31, 2020",516.35,516.4,513.32,513.32,513.32,56
"Dec 30, 2020",510.88,513.89,510.88,513.12,513.12,116
"Dec 29, 2020",529.99,529.99,492.75,511.55,511.55,277
"Dec 28, 2020",518.99,530,507.33,511.74,511.74,798
"Dec 24, 2020",500,518.87,489,507.87,507.87,241
"Dec 23, 2020",507.9,507.9,495.34,501.52,501.52,94
"Dec 22, 2020",503,519,488.31,497.94,497.94,817
"Dec 21, 2020",524.8,534.98,495.1,514.01,514.01,105
"Dec 18, 2020",514.75,520,491.75,514.48,514.48,209
"Dec 17, 2020",520,524.99,500.01,504.65,504.65,115
"Dec 16, 2020",515,520,495.01,496.2,496.2,230
"Dec 15, 2020",501,515,487.75,515,515,213
"Dec 14, 2020",509.99,525,486.01,508.99,508.99,384
"Dec 11, 2020",485,509,476.75,507,507,282
"Dec 10, 2020",485,496.99,471.7,491.99,491.99,176
"Dec 9, 2020",492.5,499,471.3,492.5,492.5,251
"Dec 8, 2020",482.23,492.5,471.3,492.5,492.5,204
"Dec 7, 2020",498.9,498.9,470,482.23,482.23,125
"Dec 4, 2020",480,498.99,475,485,485,80
"Dec 3, 2020",480,499,475,479.36,479.36,114
"Dec 2, 2020",480,499,471.12,485,485,277
"Dec 1, 2020",509,509,475,483,483,116
"Nov 27, 2020",497,497,470.1,492.85,492.85,32
"Nov 26, 2020",504.99,504.99,466,479.08,479.08,130
"Nov 25, 2020",500,529,471,479.24,479.24,467
"Nov 24, 2020",495.01,547.98,495.01,511.67,511.67,172
"Nov 23, 2020",490,563.8,490,543.76,543.76,136
"Nov 20, 2020",510,560,490.02,495.41,495.41,80
"Nov 19, 2020",490,530,455.1,520.55,520.55,139
"Nov 18, 2020",460,520,455.1,487.44,487.44,242
"Nov 17, 2020",480,559.8,446.3,470.71,470.71,476
"Nov 14, 2020",450,484.99,450,482.45,482.45,-
"Nov 13, 2020",450,550,433.6,475,475,500
"Nov 12, 2020",459.5,459.5,437,447.05,447.05,45
"Nov 11, 2020",440,457.9,436.5,436.5,436.5,16
"Nov 10, 2020",451,458.7,435.1,442.55,442.55,52
"Nov 9, 2020",425,496.8,420,451.99,451.99,1627
"Nov 6, 2020",438.49,438.49,411.3,420,420,1006
"Nov 5, 2020",425,439.99,417,423,423,60
"Nov 4, 2020",437.9,437.9,413.3,420.63,420.63,167
"Nov 3, 2020",440,445,417,437.9,437.9,41
"Nov 2, 2020",425,429.5,415,416.67,416.67,52
"Oct 30, 2020",430,433,416.25,428.85,428.85,93
"Oct 29, 2020",420,430,420,430,430,4
"Oct 28, 2020",429.9,439.99,419.59,439.99,439.99,9
"Oct 27, 2020",425,429.9,416.1,419.59,419.59,13
"Oct 26, 2020",438.99,438.99,416.1,431.25,431.25,45
"Oct 23, 2020",436.99,436.99,420.01,420.01,420.01,9
"Oct 22, 2020",439.98,439.98,415.5,418.03,418.03,56
"Oct 21, 2020",420,439.98,416.1,434.98,434.98,22
"Oct 20, 2020",416.1,416.1,416,416,416,3
"Oct 19, 2020",439.9,439.9,415,416.34,416.34,134
"Oct 16, 2020",430,430,416,430,430,22
"Oct 15, 2020",439.99,439.99,425,432,432,382
"Oct 14, 2020",425,433.98,425,425.42,425.42,75
"Oct 13, 2020",420,434.99,416,434.74,434.74,63
"Oct 12, 2020",420,439.98,407,421.67,421.67,221
"Oct 9, 2020",419.99,439.99,408.31,420,420,84
"Oct 8, 2020",423.99,423.99,405.2,408.3,408.3,119
"Oct 7, 2020",415,423.99,405,410.13,410.13,20
"Oct 6, 2020",415,430,410.5,411.4,411.4,268
"Oct 5, 2020",438.87,439.97,418.87,418.87,418.87,31
"Oct 1, 2020",429.99,439.98,412,438.87,438.87,111
"Sep 30, 2020",425,429.98,405,412,412,49
"Sep 29, 2020",425,429.99,420,429.99,429.99,6
"Sep 28, 2020",439.99,439.99,414,414,414,252
"Sep 25, 2020",439.99,440,419,419,419,42
"Sep 24, 2020",420,429.9,420,429.9,429.9,31
"Sep 23, 2020",429.99,429.99,429.99,429.99,429.99,14
"Sep 22, 2020",434.99,434.99,408.1,408.1,408.1,11
"Sep 21, 2020",415.1,415.1,408.11,409.11,409.11,23
"Sep 17, 2020",415.11,415.11,415.11,415.11,415.11,7
"Sep 16, 2020",420,420,415.1,415.1,415.1,10
"Sep 15, 2020",434.99,434.99,415.1,420,420,13
"Sep 14, 2020",422,427,417,417,417,29
"Sep 11, 2020",421,422,415.1,422,422,59
"Sep 10, 2020",437,437,421,421,421,10
"Sep 9, 2020",413.1,426.99,410.01,422.76,422.76,33
"Sep 8, 2020",416,462,408.1,414.8,414.8,89
"Sep 7, 2020",500,500,414.99,416.41,416.41,253
"Sep 4, 2020",502.16,502.16,410.2,417.18,417.18,1019
"Sep 3, 2020",430,502.24,430,502.16,502.16,560
"Sep 2, 2020",430,430,415,429.99,429.99,17
"Sep 1, 2020",427.5,427.5,427.49,427.49,427.49,11
"Aug 31, 2020",425,480,405.62,414.89,414.89,398
"Aug 28, 2020",418,486,418,424,424,126
"Aug 27, 2020",419,419,406,412.3,412.3,23
"Aug 26, 2020",403,424,403,419.79,419.79,24
"Aug 25, 2020",405,418.99,395,418.99,418.99,4310
"Aug 24, 2020",402,402,393,398,398,53
"Aug 21, 2020",402.09,402.1,400,401,401,5
"Aug 20, 2020",402.01,402.01,402,402.01,402.01,433
"Aug 19, 2020",402.01,405,390.5,401.13,401.13,1184
"Aug 18, 2020",410,410,405.01,405.01,405.01,15
"Aug 17, 2020",410,410,410,410,410,1
"Aug 14, 2020",410,415,405.01,410,410,8
"Aug 13, 2020",398.01,415,398,398,398,83
"Aug 11, 2020",414,417,405,405,405,15
"Aug 7, 2020",409,413.99,409,413.64,413.64,12
"Aug 6, 2020",407,407,396.01,397.01,397.01,31
"Aug 5, 2020",406.9,410.18,395.01,395.01,395.01,25
"Aug 4, 2020",398,402.9,398,402.9,402.9,6
"Aug 3, 2020",400,400,395,395,395,29
"Jul 31, 2020",400.1,409.99,397,408.89,408.89,165
"Jul 30, 2020",415,415,415,415,415,5
"Jul 29, 2020",400,417.49,400,417.49,417.49,13
"Jul 28, 2020",390,403,390,403,403,439
"Jul 27, 2020",388.5,388.51,388.5,388.51,388.51,10
"Jul 24, 2020",395,400,395,398.75,398.75,75
"Jul 23, 2020",386.01,419.99,386.01,399.6,399.6,5727
"Jul 22, 2020",399,418.99,385.01,418.72,418.72,829
"Jul 21, 2020",381,408,381,400,400,289
"Jul 16, 2020",380.01,382,380.01,380.01,380.01,64
"Jul 15, 2020",385,386,373.1,380,380,138
"Jul 14, 2020",385,391.27,375,381.32,381.32,98
"Jul 13, 2020",404.99,404.99,376,385.15,385.15,595
"Jul 9, 2020",385.01,385.01,385.01,385.01,385.01,1
"Jul 8, 2020",404.99,404.99,385.01,396,396,38
"Jul 7, 2020",375.61,399.99,375.61,399.99,399.99,28
"Jul 6, 2020",375,395,375,394,394,58
"Jul 2, 2020",375,387.99,371.06,387.98,387.98,49
"Jul 1, 2020",374.99,374.99,370.01,370.01,370.01,51
"Jun 30, 2020",374.99,379.99,369.01,377.66,377.66,6
"Jun 29, 2020",355.34,374.98,355.34,367.09,367.09,32
"Jun 26, 2020",360.04,370,355,370,370,238
"Jun 25, 2020",355.11,374.98,355.11,365,365,28
"Jun 24, 2020",375,379.99,348.55,365.35,365.35,195
"Jun 23, 2020",356.01,374.89,348.3,360.02,360.02,1198
"Jun 22, 2020",369,369.99,363.01,368,368,552
"Jun 17, 2020",364.81,400,360,360,360,280
"Jun 16, 2020",364,364.84,346,364.8,364.8,194
"Jun 15, 2020",345,365,341.31,355.95,355.95,28
"Jun 12, 2020",366.47,366.47,366.47,366.47,366.47,11
"Jun 11, 2020",366.99,366.99,351.38,351.69,351.69,6
"Jun 10, 2020",367.87,367.87,351.32,351.32,351.32,13
"Jun 9, 2020",356.01,367.87,356.01,367.87,367.87,206
"Jun 8, 2020",355.02,367.89,339,367.89,367.89,257
"Jun 5, 2020",360,360,355.01,355.02,355.02,40
"Jun 4, 2020",360,360,330,360,360,169
"Jun 3, 2020",338.01,371.99,338.01,367.99,367.99,373
"Jun 2, 2020",345,355,337.6,337.6,337.6,225
"Jun 1, 2020",337.1,349,337,345,345,75
"May 29, 2020",334,339.99,333,336,336,630
"May 28, 2020",332,332,325.1,330,330,376
"May 27, 2020",326,326,323,325,325,820
"May 26, 2020",332.43,332.43,332,332,332,23
"May 22, 2020",332.49,332.49,323,332.43,332.43,3733
"May 21, 2020",326.02,332.5,320,332.31,332.31,253
"May 20, 2020",315.02,344,315.02,326.01,326.01,5
"May 19, 2020",340,343.5,325,334.25,334.25,81
"May 18, 2020",332.5,340,321.11,339,339,112
"May 15, 2020",334.8,334.8,329,332.5,332.5,116
"May 14, 2020",339.46,339.46,322,322,322,103
"May 13, 2020",337.51,343,337.51,339.59,339.59,83
"May 12, 2020",333.5,349,331.03,336.5,336.5,69
"May 11, 2020",345,350,331.5,335,335,316
"May 8, 2020",330,338,321,334.5,334.5,42
"May 7, 2020",337.9,337.9,337.8,337.83,337.83,4
"May 6, 2020",337.9,337.9,337.9,337.9,337.9,7
"May 5, 2020",329,340,329,338,338,22
"May 4, 2020",347,355,300,342.51,342.51,841
"Apr 30, 2020",339.99,347.99,333,347.97,347.97,766
"Apr 29, 2020",330,339.99,315,330.4,330.4,1660
"Apr 28, 2020",370,370,300,315,315,364
"Apr 27, 2020",370,370,328,334,334,2346
"Apr 24, 2020",335.11,365,321,350.05,350.05,173
"Apr 23, 2020",348,370,331.1,370,370,219
"Apr 22, 2020",365,375,328.1,348,348,250
"Apr 21, 2020",355,363,325,327.1,327.1,195
"Apr 20, 2020",355,355,322.9,350,350,18
"Apr 17, 2020",320.55,360,310,355.59,355.59,228
"Apr 16, 2020",370,370,288,362.72,362.72,176
"Apr 15, 2020",374,374,290,369,369,57
"Apr 13, 2020",257.9,375,257.9,374,374,33
"Apr 9, 2020",375,375,375,375,375,17
"Apr 3, 2020",340,375,320,375,375,26
"Mar 31, 2020",380,382.5,380,382.5,382.5,7
"Mar 30, 2020",380,384.6,380,384,384,10
"Mar 27, 2020",355,366,355,365,365,19
"Mar 26, 2020",315,339,315,339,339,15
"Mar 24, 2020",360.12,360.12,260,360,360,51
"Mar 23, 2020",360,360,243.95,360,360,51
"Mar 20, 2020",350,370,350,360,360,27
"Mar 19, 2020",365,381,365,380,380,11
"Mar 17, 2020",385,420,361,420,420,41
"Mar 16, 2020",380,390,380,390,390,3
"Mar 13, 2020",348,432,348,432,432,9
"Mar 12, 2020",395,395,346,349.55,349.55,235
"Mar 11, 2020",395,425,371,381.23,381.23,959
"Mar 9, 2020",410,430,372,382.4,382.4,530
"Mar 6, 2020",420,430,396.75,402.93,402.93,500
"Mar 5, 2020",415.76,415.76,412.45,412.45,412.45,20
"Mar 4, 2020",420,430,405,407.23,407.23,14
"Mar 3, 2020",420,420,410,411.23,411.23,112
"Mar 2, 2020",415,418,415,418,418,3
"Feb 28, 2020",430,430,406.5,410.82,410.82,138
"Feb 27, 2020",425.06,425.06,422.23,422.23,422.23,96
"Feb 26, 2020",430,430,424.01,424.01,424.01,55
"Feb 25, 2020",431.1,431.1,430.94,430.94,430.94,6
"Feb 24, 2020",436.44,436.44,432.47,432.47,432.47,32
"Feb 20, 2020",442.5,442.5,438.98,438.98,438.98,10
"Feb 19, 2020",437.33,442.38,437.33,442.38,442.38,52
"Feb 18, 2020",436.7,438.73,433.72,438.73,438.73,32
"Feb 17, 2020",440,440,436.39,436.39,436.39,2
"Feb 13, 2020",447,447,439.58,440.57,440.57,2265
"Feb 12, 2020",443,445.41,443,445.16,445.16,5
"Feb 11, 2020",440,441.35,440,441.35,441.35,2
"Feb 10, 2020",437.76,437.76,437.76,437.76,437.76,1
"Feb 7, 2020",437.58,438,437.58,438,438,11
"Feb 5, 2020",425,440.18,425,437.1,437.1,120
"Feb 4, 2020",421.3,421.3,416.3,416.3,416.3,10
"Feb 3, 2020",425,425,423.92,423.92,423.92,20
"Jan 31, 2020",436.1,436.1,436.1,436.1,436.1,25
"Jan 30, 2020",438.99,438.99,438.7,438.7,438.7,2
"Jan 29, 2020",441.74,441.74,438.7,438.7,438.7,2
"Jan 28, 2020",441.34,441.34,440.72,441.3,441.3,13
"Jan 27, 2020",440,440,435,437.09,437.09,35
"Jan 24, 2020",441.21,441.21,441.21,441.21,441.21,50
"Jan 23, 2020",440,440,438.57,439.03,439.03,3
"Jan 22, 2020",440,440,436.46,436.46,436.46,13
"Jan 14, 2020",447.95,447.95,444.58,444.98,444.98,305
"Jan 10, 2020",445,447.06,444,444,444,7023
"Jan 9, 2020",440,443.84,439.67,443.84,443.84,15
"Jan 8, 2020",436.22,436.22,435.83,435.83,435.83,23
"Jan 6, 2020",436,436,432.33,432.33,432.33,2
"Dec 27, 2019",443.76,443.76,443.76,443.76,443.76,22
"Dec 23, 2019",442.2,442.2,442.2,442.2,442.2,3
"Dec 20, 2019",443.09,443.09,443.09,443.09,443.09,30
"Dec 18, 2019",438,444.87,438,444.87,444.87,152
"Dec 17, 2019",438,438,438,438,438,1001
"Dec 16, 2019",435.84,438,435.84,438,438,53
"Dec 12, 2019",430.68,430.68,430.68,430.68,430.68,40
"Dec 9, 2019",433.42,433.42,433.42,433.42,433.42,1
"Dec 5, 2019",438.31,438.31,437.42,437.42,437.42,51
"Dec 4, 2019",432.57,432.57,432.57,432.57,432.57,21
"Nov 27, 2019",439.6,439.6,434.61,434.61,434.61,11
"Nov 26, 2019",438.26,438.66,433.97,433.97,433.97,21
"Nov 21, 2019",431.44,432,431.44,432,432,62
"Nov 20, 2019",435,436.99,435,436.99,436.99,3
"Nov 18, 2019",431.99,431.99,431.99,431.99,431.99,3
"Nov 15, 2019",434.08,434.08,434.08,434.08,434.08,1
"Nov 11, 2019",427.71,429,427.71,429,429,210
"Nov 7, 2019",431.18,431.18,431.18,431.18,431.18,1
"Nov 6, 2019",430.32,433.1,430.32,430.5,430.5,30
"Nov 5, 2019",430.5,430.5,430.5,430.5,430.5,30
"Nov 4, 2019",430,432,427.93,427.93,427.93,5
"Nov 1, 2019",426.57,429.79,426.57,429.79,429.79,80
"Oct 30, 2019",425,429.16,425,429.16,429.16,22
"Oct 27, 2019",425,441,417.34,419.56,419.56,44
"Oct 25, 2019",413.75,418.32,413.75,418.32,418.32,4
"Oct 23, 2019",417.07,417.07,417.07,417.07,417.07,50
"Oct 22, 2019",419.99,419.99,416.23,417.3,417.3,113
"Oct 18, 2019",415,419.99,415,419.99,419.99,2
"Oct 17, 2019",411.93,412,411.93,412,412,600
"Oct 16, 2019",412.69,412.69,412.69,412.69,412.69,4
"Oct 15, 2019",409.04,411.73,409.04,411.73,411.73,6
"Oct 14, 2019",408.2,408.2,408.2,408.2,408.2,9
"Oct 9, 2019",401.63,401.63,401.63,401.63,401.63,5
"Oct 4, 2019",406.76,406.76,400.34,400.51,400.51,9
"Sep 30, 2019",409.03,409.03,409.03,409.03,409.03,121
"Sep 26, 2019",415.51,415.51,413.01,414,414,13771
"Sep 24, 2019",410,418.29,410,414.97,414.97,43
"Sep 23, 2019",410,411.22,405,405,405,57
"Sep 20, 2019",400,405.09,400,403.49,403.49,176
"Sep 19, 2019",388.5,388.5,385.15,386.4,386.4,26
"Sep 17, 2019",393.1,395.01,388,390.64,390.64,93
"Sep 13, 2019",394.01,394.01,394.01,394.01,394.01,7
"Sep 12, 2019",400.17,400.17,397.07,397.07,397.07,267
"Sep 11, 2019",399.1,399.27,395.92,398.78,398.78,128
"Sep 9, 2019",398.33,398.33,395.16,398.33,398.33,59
"Sep 6, 2019",394,394.33,394,394.33,394.33,18
"Sep 5, 2019",393.67,393.67,393.67,393.67,393.67,3
"Sep 4, 2019",391,392.87,388.11,392.87,392.87,714
"Sep 3, 2019",395.02,395.02,387.47,389.5,389.5,51
"Aug 30, 2019",395,397.87,391.53,397.87,397.87,45
"Aug 29, 2019",396.64,396.64,396.64,396.64,396.64,1
"Aug 28, 2019",401.63,401.63,399.39,399.39,399.39,7
"Aug 26, 2019",391.2,396.53,390.69,396.53,396.53,10
"Aug 23, 2019",390.1,393.29,387.43,393.29,393.29,19
"Aug 19, 2019",399.24,399.24,399.24,399.24,399.24,30
"Aug 16, 2019",399.73,399.73,396.66,396.66,396.66,252
"Aug 14, 2019",399.82,399.82,395.62,395.62,395.62,10
"Aug 9, 2019",402,402,398.56,398.56,398.56,12
"Aug 8, 2019",393.85,393.85,393.85,393.85,393.85,50
"Aug 7, 2019",396.4,396.4,396.4,396.4,396.4,1
"Aug 5, 2019",410,410,389.63,389.63,389.63,177
"Aug 2, 2019",410,410,408.5,408.5,408.5,31
"Aug 1, 2019",398.93,398.93,393,393,393,14
"Jul 31, 2019",399.26,400.2,399.26,400.2,400.2,11
"Jul 30, 2019",400,400,396.36,397.84,397.84,4
"Jul 26, 2019",402.14,402.15,402.14,402.14,402.14,524
"Jul 24, 2019",410,410,410,410,410,1
"Jul 23, 2019",410,430,410,424,424,28
"Jul 19, 2019",401,401,383,387,387,6
"Jul 17, 2019",400,405,396.7,405,405,7
"Jul 16, 2019",398,413.83,398,410,410,1003
"Jul 15, 2019",395,395,390,390,390,2
"Jul 12, 2019",400,400,400,400,400,15
"Jul 10, 2019",403,403,397,397.5,397.5,6
"Jul 9, 2019",405,405,337.9,363.95,363.95,6
"Jul 5, 2019",410,410,406,406,406,91
"Jul 4, 2019",425,425,406,406.57,406.57,28
"Jul 3, 2019",425,425,425,425,425,2
"Jul 1, 2019",411,411,408,408,408,25
"Jun 28, 2019",421.57,421.57,417.42,417.62,417.62,570
"Jun 27, 2019",419.8,419.8,419.8,419.8,419.8,3
"Jun 26, 2019",421.45,421.45,418.58,418.58,418.58,2
"Jun 19, 2019",418.58,418.58,418.58,418.58,418.58,1
"Jun 18, 2019",415.57,415.77,415.57,415.77,415.77,11
"Jun 17, 2019",416,416,411.29,411.29,411.29,2
"Jun 14, 2019",421.07,421.07,420,420,420,30
"Jun 13, 2019",417.83,420.77,417.83,420.77,420.77,115
"Jun 10, 2019",423.91,423.91,418.63,419.14,419.14,14
"Jun 7, 2019",417.85,421.87,416.07,421.87,421.87,4
"Jun 3, 2019",425,426.54,422.35,426.54,426.54,265
"May 31, 2019",422.59,422.59,418.6,421.97,421.97,53
"May 30, 2019",420.4,420.4,420.4,420.4,420.4,1
"May 27, 2019",419.19,421.42,419.19,420,420,16
"May 23, 2019",420,425.94,413,413,413,121
"May 21, 2019",418.56,418.77,415.14,415.14,415.14,72
"May 20, 2019",410,418.46,410,416.73,416.73,5
"May 17, 2019",400,401.37,400,401.37,401.37,11
"May 16, 2019",391,396.85,390.64,396.85,396.85,53
"May 15, 2019",396.9,398.31,395.14,396.9,396.9,33
"May 14, 2019",394.03,398.3,394.03,398.3,398.3,6
"May 13, 2019",397.92,398.52,394,394.03,394.03,34
"May 10, 2019",397,397,394.88,394.88,394.88,2
"May 9, 2019",400,400.71,396,399.73,399.73,264
"May 8, 2019",406,406,398.32,400.03,400.03,11
"May 7, 2019",410,410,402.98,403.99,403.99,4
"May 6, 2019",413,413,410,410,410,14
"May 3, 2019",425,425,413,413,413,4
"May 2, 2019",420,435.9,415,415,415,7
"Apr 30, 2019",420,425.5,413,413.03,413.03,2874
"Apr 23, 2019",411,411,407.65,410,410,293
"Apr 22, 2019",411,412.64,408.76,408.76,408.76,129
"Apr 16, 2019",413.1,416.59,413.1,416.43,416.43,21
"Apr 15, 2019",410.03,410.03,410.03,410.03,410.03,10
"Apr 11, 2019",406.71,406.71,406.71,406.71,406.71,25
"Apr 9, 2019",407.58,407.58,407.58,407.58,407.58,154
"Apr 5, 2019",410,410,407.58,407.58,407.58,20
"Apr 4, 2019",411.92,412.85,411.92,412.85,412.85,14
"Apr 2, 2019",411.16,411.16,411.16,411.16,411.16,1
"Apr 1, 2019",413.31,413.31,413.31,413.31,413.31,100
"Mar 27, 2019",410,426,408.18,408.18,408.18,35
"Mar 26, 2019",401.75,402.43,401.75,402.43,402.43,282
"Mar 20, 2019",405,407.5,405,407.27,407.27,11
"Mar 18, 2019",399.8,399.8,399.8,399.8,399.8,1
"Mar 14, 2019",400,400.5,400,400.5,400.5,2
"Mar 13, 2019",398.4,398.4,398.4,398.4,398.4,10
"Mar 12, 2019",393.28,393.28,393.28,393.28,393.28,16
"Mar 11, 2019",388.97,388.97,388.97,388.97,388.97,10
"Mar 5, 2019",381.81,381.81,381.81,381.81,381.81,10
"Feb 27, 2019",384.68,384.83,377.37,377.37,377.37,22
"Feb 25, 2019",378.79,378.79,378.79,378.79,378.79,2
"Feb 18, 2019",377.97,377.97,377.97,377.97,377.97,10
"Feb 14, 2019",380.24,380.24,380.24,380.24,380.24,1
"Feb 8, 2019",388.7,388.7,388.7,388.7,388.7,16
"Feb 7, 2019",390,393.22,390,392.59,392.59,4
"Feb 6, 2019",385,391.73,385,391.58,391.58,9005
"Feb 5, 2019",385,388.79,385,388.79,388.79,2
"Jan 28, 2019",379.77,379.77,378.64,378.64,378.64,24
"Jan 25, 2019",383.15,383.15,383.15,383.15,383.15,2000
"Jan 22, 2019",388,388,382.83,382.83,382.83,263
"Jan 21, 2019",385,388.2,385,388.2,388.2,2
"Jan 18, 2019",381.94,381.94,381.94,381.94,381.94,1
"Jan 16, 2019",382.85,382.85,382.85,382.85,382.85,12
"Jan 15, 2019",381.61,381.61,381.61,381.61,381.61,10
"Jan 14, 2019",379.19,379.49,379.19,379.49,379.49,6
"Jan 9, 2019",380.28,380.57,380.28,380.57,380.57,150
"Jan 7, 2019",381.4,381.56,377.23,377.23,377.23,4
"Jan 1, 2019",380.87,381.18,380.87,381.18,381.18,800
"Dec 31, 2018",382.81,382.81,382.81,382.81,382.81,10
"Dec 27, 2018",373,381.18,373,380.16,380.16,26
"Dec 26, 2018",373.7,373.7,371.73,371.73,371.73,4
"Dec 24, 2018",378.22,378.54,374.93,378.54,378.54,7
"Dec 21, 2018",381.31,381.31,379.33,379.51,379.51,615
"Dec 17, 2018",380.55,381.46,380.55,381.46,381.46,101
"Dec 14, 2018",380.38,380.38,379.93,380.38,380.38,351
"Dec 13, 2018",378.57,380.84,377.71,377.71,377.71,22
"Dec 11, 2018",370.33,370.33,365,369.44,369.44,174
"Dec 10, 2018",375,375,367.85,370.33,370.33,224
"Dec 7, 2018",375,378.22,373.17,375.91,375.91,53
"Dec 6, 2018",375,375,373.39,373.39,373.39,2
"Dec 4, 2018",382.25,382.25,382.25,382.25,382.25,1
"Dec 3, 2018",384.09,384.09,383.92,384.06,384.06,100
"Nov 30, 2018",384.33,384.94,384.33,384.94,384.94,21
"Nov 29, 2018",380,382.02,379.33,379.33,379.33,11
"Nov 28, 2018",375,378.56,375,378.56,378.56,2
"Nov 27, 2018",374.21,374.21,374.21,374.21,374.21,5
"Nov 22, 2018",367.94,367.94,367.94,367.94,367.94,5
"Nov 20, 2018",375,375.52,375,375.52,375.52,2
"Nov 19, 2018",375,377.05,375,377.05,377.05,3
"Nov 15, 2018",372.46,372.46,372.46,372.46,372.46,5
"Nov 13, 2018",374.14,374.14,365.61,365.61,365.61,11
"Nov 12, 2018",374.14,374.14,374.14,374.14,374.14,1
"Nov 9, 2018",370,372.3,370,372.3,372.3,2
"Nov 7, 2018",370,372.91,370,372.91,372.91,2
"Nov 5, 2018",372.83,372.83,369.45,369.45,369.45,22
"Nov 2, 2018",365,372.83,365,372.83,372.83,2
"Oct 30, 2018",357.91,357.91,357.91,357.91,357.91,10
"Oct 29, 2018",354.78,354.78,354.78,354.78,354.78,5
"Oct 26, 2018",355,355,350.26,350.26,350.26,2
"Oct 24, 2018",358.57,358.57,358.57,358.57,358.57,10
"Oct 23, 2018",358.57,358.57,358.57,358.57,358.57,20
"Oct 15, 2018",367.51,367.51,367.51,367.51,367.51,270
"Oct 10, 2018",365,367.87,365,367.87,367.87,2
"Oct 9, 2018",359.94,359.94,359.94,359.94,359.94,10
"Oct 8, 2018",365,365,360,362.06,362.06,98
"Oct 5, 2018",370.43,370.43,366.61,366.61,366.61,31
"Oct 4, 2018",380,380,367.75,367.75,367.75,30
"Oct 3, 2018",383.42,383.42,380.63,380.63,380.63,4
"Oct 1, 2018",383,383,379.16,382,382,109
"Sep 27, 2018",386.75,386.75,384.74,384.74,384.74,8
"Sep 24, 2018",390,390,381.78,381.78,381.78,29
"Sep 21, 2018",388,389.75,383.04,388,388,523
"Sep 19, 2018",392.57,392.57,392.57,392.57,392.57,5
"Sep 18, 2018",394.04,394.04,394.04,394.04,394.04,5
"Sep 17, 2018",395,395,394.85,394.85,394.85,205
"Sep 14, 2018",397.77,398.17,397.77,398.17,398.17,40
"Sep 12, 2018",395.49,395.49,395.49,395.49,395.49,23
"Sep 11, 2018",395,395.95,393.1,395.49,395.49,14
"Sep 10, 2018",400.46,400.46,400.46,400.46,400.46,5
"Sep 7, 2018",402.83,402.83,402.83,402.83,402.83,1
"Sep 5, 2018",402.75,402.75,397.84,397.84,397.84,36
"Sep 3, 2018",408.56,408.56,408.56,408.56,408.56,1
"Aug 31, 2018",408.18,408.18,408.16,408.16,408.16,30
"Aug 30, 2018",408.52,408.52,408,408,408,6
"Aug 29, 2018",410.66,410.66,407.75,407.75,407.75,14
"Aug 27, 2018",405,427,405,408.17,408.17,127
"Aug 23, 2018",404.36,404.36,401.74,401.74,401.74,203
"Aug 20, 2018",404.51,404.51,404.51,404.51,404.51,20
"Aug 17, 2018",400.67,400.67,400.67,400.67,400.67,25
"Aug 16, 2018",398.22,398.22,398.22,398.22,398.22,5
"Aug 14, 2018",397.14,397.14,397.14,397.14,397.14,59
"Aug 13, 2018",396.75,397.44,396.75,397.44,397.44,28
"Aug 10, 2018",400.56,400.56,399.52,399.52,399.52,24
"Aug 9, 2018",397.83,397.83,397.83,397.83,397.83,5
"Aug 7, 2018",397.37,397.37,397.37,397.37,397.37,59
"Aug 6, 2018",398.27,398.27,398.27,398.27,398.27,200
"Aug 1, 2018",394.2,394.2,394.2,394.2,394.2,1
"Jul 30, 2018",395.11,395.11,393.7,394.44,394.44,4
"Jul 27, 2018",386.3,393.52,386.3,393.52,393.52,41
"Jul 26, 2018",387.18,387.18,386.33,386.33,386.33,71
"Jul 24, 2018",388.88,388.88,388.88,388.88,388.88,1
"Jul 20, 2018",382.04,382.04,382.04,382.04,382.04,4
"Jul 19, 2018",383.52,385.06,383.52,385.06,385.06,7
"Jul 18, 2018",389,389,383.93,383.93,383.93,16
"Jul 16, 2018",385.31,385.31,384.58,384.58,384.58,4
"Jul 13, 2018",386.14,386.14,386.14,386.14,386.14,1
"Jul 12, 2018",385.07,385.07,383.05,385,385,122
"Jul 11, 2018",381.67,382.93,381.67,382.93,382.93,3
"Jul 10, 2018",381.28,381.28,381.28,381.28,381.28,1
"Jul 9, 2018",375,380.46,375,380.46,380.46,7
"Jul 6, 2018",375.35,375.35,375.35,375.35,375.35,1
"Jul 5, 2018",375.07,375.35,375.07,375.35,375.35,10
"Jul 4, 2018",375.46,375.46,372.28,374.54,374.54,25
"Jul 3, 2018",375.43,375.46,375.43,375.46,375.46,2
"Jul 2, 2018",380,435,380,435,435,16
"Jun 26, 2018",374.45,374.45,374.45,374.45,374.45,5
"Jun 22, 2018",370.02,370.02,370.02,370.02,370.02,3
"Jun 21, 2018",370,376.86,370,376.86,376.86,2
"Jun 18, 2018",369.22,369.22,369.22,369.22,369.22,5
"Jun 15, 2018",371.22,371.22,371.22,371.22,371.22,5
"Jun 13, 2018",376.86,376.86,376.86,376.86,376.86,3
"Jun 12, 2018",374.14,374.14,374.14,374.14,374.14,12
"Jun 11, 2018",369.43,369.43,369.43,369.43,369.43,37
"Jun 8, 2018",375,397,371.85,371.85,371.85,7
"Jun 7, 2018",373.88,373.88,373.88,373.88,373.88,10
"Jun 6, 2018",365.59,365.59,365.59,365.59,365.59,90
"Jun 5, 2018",355,370,337,370,370,110
"Jun 4, 2018",370.38,370.38,370.38,370.38,370.38,100
"May 30, 2018",362.41,362.41,362.41,362.41,362.41,2
"May 28, 2018",368.41,368.41,368.41,368.41,368.41,5
"May 23, 2018",363.16,363.16,362.69,362.69,362.69,602
"May 22, 2018",363.32,363.32,363.32,363.32,363.32,5
"May 21, 2018",365,365,360.17,360.17,360.17,4
"May 17, 2018",370.72,370.72,370.72,370.72,370.72,3
"May 14, 2018",370,373.44,370,372.5,372.5,4
"May 8, 2018",369.74,369.74,369.74,369.74,369.74,54
"May 3, 2018",365.23,365.23,365.23,365.23,365.23,37
"Apr 27, 2018",365,365,365,365,365,1
"Apr 24, 2018",360.19,360.19,359.59,359.59,359.59,12815
"Apr 16, 2018",355,360.21,355,360.21,360.21,2
"Apr 13, 2018",355,359.4,355,359.4,359.4,2
"Apr 10, 2018",355,355.22,355,355.22,355.22,6
"Apr 9, 2018",352.03,352.03,352.03,352.03,352.03,111
"Apr 5, 2018",348.61,352.98,348.61,351.49,351.49,3
"Apr 2, 2018",350,350,346.55,347.26,347.26,3
"Mar 28, 2018",345,345,342.82,342.82,342.82,2
"Mar 27, 2018",348.23,348.23,348.23,348.23,348.23,5
"Mar 26, 2018",341.5,344.2,339,344.2,344.2,286493
"Mar 20, 2018",345,345,344.45,344.45,344.45,684
"Mar 19, 2018",350.9,350.9,342.37,342.37,342.37,7
"Feb 27, 2018",357.27,360.29,357.27,360.14,360.14,57
"Feb 23, 2018",355,357.74,355,357.74,357.74,2
"Feb 20, 2018",355,355,352.24,352.24,352.24,2
"Feb 6, 2018",353.25,355.17,350.68,355.17,355.17,112
"Jan 30, 2018",377.65,377.65,377.65,377.65,377.65,10
"Jan 29, 2018",380,380,380,380,380,5
"Jan 24, 2018",370,378.54,370,378.54,378.54,4
"Jan 23, 2018",369.95,378.97,369.95,378.97,378.97,28
"Jan 22, 2018",365,365,365,365,365,1
"Jan 15, 2018",360,365.15,360,365,365,152
"Jan 9, 2018",357.44,357.6,357.44,357.6,357.6,68
"Jan 5, 2018",355,357.91,354.15,354.84,354.84,1867
"Jan 4, 2018",352.34,352.34,352.34,352.34,352.34,9
"Jan 2, 2018",356,356,353.56,353.56,353.56,64
"Dec 27, 2017",356.72,365.95,313.29,355.02,355.02,22
"Dec 20, 2017",352.25,352.25,352.19,352.19,352.19,68
"Nov 29, 2017",352.29,352.29,352.29,352.29,352.29,1
"Nov 27, 2017",351.9,351.9,351.9,351.9,351.9,5
"Nov 10, 2017",345.08,345.08,345.08,345.08,345.08,37
"Nov 3, 2017",350,352.42,350,352.42,352.42,26
"Nov 2, 2017",349.18,349.18,349.18,349.18,349.18,22
"Oct 27, 2017",347.24,347.24,347.24,347.24,347.24,5
"Oct 25, 2017",340,341.58,340,341.58,341.58,124
"Oct 18, 2017",340,340,340,340,340,1
"Oct 13, 2017",335.5,335.5,335.5,335.5,335.5,86
"Sep 27, 2017",330.39,330.39,330.39,330.39,330.39,5
"Sep 25, 2017",330.76,330.76,330.76,330.76,330.76,40
"Sep 19, 2017",336.43,336.43,336.43,336.43,336.43,93
"Sep 6, 2017",328.31,328.31,328.31,328.31,328.31,100
"Aug 28, 2017",332.28,332.28,332.28,332.28,332.28,5
"Aug 10, 2017",328.5,328.5,328.5,328.5,328.5,191
"Aug 8, 2017",332,332,332,332,332,48000
"Jul 27, 2017",340.61,340.61,340.61,340.61,340.61,5
"Jul 24, 2017",334,337.22,334,337.22,337.22,11902
"Jul 21, 2017",332,332,332,332,332,100
"Jul 13, 2017",325,325,325,325,325,55
"Jul 12, 2017",328.56,328.56,328.56,328.56,328.56,1
"Jul 11, 2017",320,320,320,320,320,74
"Jul 10, 2017",315,315,315,315,315,25
"Jul 7, 2017",327,327,326.95,326.95,326.95,300
"Jul 4, 2017",322.65,322.65,322.65,322.65,322.65,111
"Jun 27, 2017",324.1,324.1,322,322,322,505
"Jun 8, 2017",324.85,324.85,324.85,324.85,324.85,30
"Jun 6, 2017",321.97,321.97,321.97,321.97,321.97,25
"Jun 5, 2017",326.15,326.15,326.15,326.15,326.15,320
"May 30, 2017",320.75,320.75,320.75,320.75,320.75,18
"May 29, 2017",320.75,320.75,320.75,320.75,320.75,5
"May 26, 2017",318.23,318.23,318.23,318.23,318.23,251400
"May 25, 2017",316.53,316.68,316.53,316.61,316.61,2
"May 24, 2017",313.21,313.21,313.21,313.21,313.21,50
"May 15, 2017",311.9,311.9,311.9,311.9,311.9,25
"May 9, 2017",308.26,308.26,308.26,308.26,308.26,18
"May 4, 2017",309.34,309.34,309.34,309.34,309.34,74
"Apr 27, 2017",309.6,309.6,309.6,309.6,309.6,250
"Apr 26, 2017",307.7,310.5,307.7,309.01,309.01,525
"Apr 25, 2017",306.64,307.69,306.64,307.69,307.69,800
"Apr 17, 2017",305.39,305.39,305.39,305.39,305.39,1
"Apr 5, 2017",307.99,307.99,307.99,307.99,307.99,1
"Mar 24, 2017",302.85,302.85,302.85,302.85,302.85,400
"Mar 17, 2017",305.47,306,305.47,306,306,416
"Mar 16, 2017",304.11,304.11,303.82,303.82,303.82,435
"Mar 15, 2017",302.7,302.7,302.7,302.7,302.7,400
"Mar 6, 2017",298.14,298.15,298.13,298.15,298.15,404
"Mar 3, 2017",298,298,298,298,298,1
"Mar 1, 2017",298.81,300.1,297.6,298.35,298.35,69025
"Feb 28, 2017",297.48,297.48,297.48,297.48,297.48,52
"Feb 14, 2017",293.29,293.29,289.41,289.41,289.41,2
"Jan 17, 2017",279,279,279,279,279,18
"Jan 10, 2017",275,275,275,275,275,92
"Jan 4, 2017",276.7,276.7,273.55,275.13,275.13,2
"Dec 6, 2016",272,274.4,271.5,274.1,274.1,25220
"Nov 8, 2016",285.1,285.1,285.1,285.1,285.1,1
"Oct 18, 2016",287.15,287.15,287.15,287.15,287.15,287
"Oct 6, 2016",289.18,289.18,287.34,287.34,287.34,2
"Oct 3, 2016",287.39,288.86,287.38,288.86,288.86,6942
"Sep 6, 2016",291.55,297.25,291.55,297.25,297.25,150
"Sep 1, 2016",291.25,291.25,291.25,291.25,291.25,13
"Aug 30, 2016",287.45,291.7,287.45,291.7,291.7,19
"Aug 25, 2016",330,330,289.4,289.4,289.4,11
"Aug 8, 2016",288.21,288.21,288.2,288.2,288.2,752
"Aug 3, 2016",287,287,284.5,284.5,284.5,787
"Aug 1, 2016",288.95,288.95,286.97,286.97,286.97,238
"Jul 28, 2016",294.4,294.4,290.6,290.6,290.6,13
"Jul 27, 2016",290.45,290.45,290.45,290.45,290.45,3
"Jul 26, 2016",286,289.5,286,289.5,289.5,40
"Jul 25, 2016",286.8,286.8,286.8,286.8,286.8,3
"Jul 22, 2016",282.9,285,282.9,285,285,37
"Jul 21, 2016",287.75,287.75,287.75,287.75,287.75,3
"Jul 20, 2016",287.85,288.05,285,285,285,50
"Jul 19, 2016",286.25,286.35,286.25,286.35,286.35,503
"Jul 18, 2016",288.75,288.75,287.35,287.35,287.35,247
"Jul 15, 2016",324.95,324.95,324.95,324.95,324.95,3
"Jul 14, 2016",286.2,286.2,286.2,286.2,286.2,3
"Jul 13, 2016",286.6,286.6,286.6,286.6,286.6,3
"Jul 12, 2016",285.1,285.1,285.1,285.1,285.1,3
"Jul 11, 2016",284.6,284.6,281.5,281.5,281.5,103
"Jul 8, 2016",279.55,279.55,279.55,279.55,279.55,3
"Jul 7, 2016",272.7,281.5,272.7,277.9,277.9,394
"Jul 5, 2016",310,310,277,277.15,277.15,87636
"Jul 4, 2016",325,332.41,305,305,305,8
"Jul 1, 2016",277.2,277.2,277.2,277.2,277.2,15
"Jun 20, 2016",273.25,273.25,273.25,273.25,273.25,93
"Jun 15, 2016",269.45,271.2,269.45,271.2,271.2,111
"Jun 1, 2016",270.01,270.01,270.01,270.01,270.01,50000
"May 31, 2016",270.45,270.45,270.45,270.45,270.45,186
"May 11, 2016",260,260,260,260,260,2
"May 9, 2016",264.5,264.5,264.5,264.5,264.5,15
"May 6, 2016",230,254,215.1,254,254,5
"Apr 28, 2016",263.7,263.7,263,263,263,469
"Apr 26, 2016",260.79,260.79,260.79,260.79,260.79,300
"Apr 22, 2016",263.35,263.35,263.35,263.35,263.35,300
"Apr 21, 2016",264.25,264.48,263,263,263,302
"Apr 18, 2016",262.49,262.49,262.49,262.49,262.49,300
"Apr 12, 2016",253,253,253,253,253,37
"Mar 23, 2016",257.75,257.75,257.75,257.75,257.75,2
"Mar 22, 2016",255.75,255.75,255.75,255.75,255.75,300
"Mar 21, 2016",255,255,255,255,255,300
"Mar 3, 2016",247.3,247.3,247.3,247.3,247.3,2
"Feb 25, 2016",239.35,239.35,239.35,239.35,239.35,10
"Feb 24, 2016",239.45,239.45,239.45,239.45,239.45,10
"Feb 16, 2016",237.45,239.35,237.45,239.35,239.35,2
"Jan 18, 2016",246.87,247.5,246.75,247.5,247.5,49
"Jan 6, 2016",259.07,259.07,259.07,259.07,259.07,1
"Dec 31, 2015",264.8,264.8,264.8,264.8,264.8,1
"Dec 28, 2015",262.24,262.24,262.24,262.24,262.24,93
"Dec 24, 2015",263,263,260.8,260.8,260.8,2
"Dec 1, 2015",267.43,267.62,267.43,267.53,267.53,2
"Nov 20, 2015",262.8,262.8,262.8,262.8,262.8,1
"Nov 18, 2015",263.15,263.15,259.65,259.65,259.65,239
"Nov 16, 2015",261.8,261.8,261.8,261.8,261.8,261
"Nov 5, 2015",270.35,270.35,267.35,267.35,267.35,2
"Oct 13, 2015",270.45,270.45,270.45,270.45,270.45,93
"Oct 9, 2015",274.15,274.15,271.85,271.85,271.85,43
"Oct 6, 2015",270.9,270.9,270.9,270.9,270.9,26
"Sep 29, 2015",261,261,260.3,260.3,260.3,118
"Sep 28, 2015",260.75,260.75,259,260,260,496
"Sep 23, 2015",259.9,259.9,259.9,259.9,259.9,3
"Sep 22, 2015",267.4,267.4,262,262.85,262.85,1503
"Sep 21, 2015",264.25,264.35,264.25,264.35,264.35,500
"Sep 2, 2015",260.75,260.75,260.75,260.75,260.75,64
"Aug 31, 2015",261,261,261,261,261,373
"Aug 25, 2015",261,261,261,261,261,100
"Aug 12, 2015",281.8,281.8,281.8,281.8,281.8,10
"Aug 11, 2015",284.75,284.75,284.75,284.75,284.75,10
"Aug 10, 2015",289.5,289.5,289.5,289.5,289.5,1
"Aug 5, 2015",284.25,284.25,284.25,284.25,284.25,55
"Jul 29, 2015",281,281,281,281,281,1
"Jul 28, 2015",281.1,281.1,281.1,281.1,281.1,2
"Jul 22, 2015",286.5,290,286.5,290,290,10
"Jul 15, 2015",284.25,284.25,279.85,279.85,279.85,4
"Jun 16, 2015",266.85,266.85,261.65,261.65,261.65,10
"Jun 12, 2015",266.4,266.4,266.4,266.4,266.4,5
"May 15, 2015",275.55,275.55,275.55,275.55,275.55,1
"May 13, 2015",270.6,275.1,270.6,272.85,272.85,2
"May 8, 2015",273.85,273.85,273.85,273.85,273.85,2
"May 6, 2015",268,268,268,268,268,1
"Apr 9, 2015",286,286,286,286,286,37
"Mar 31, 2015",281.25,281.25,281.25,281.25,281.25,1
"Mar 13, 2015",284.25,284.25,284.25,284.25,284.25,37
"Feb 20, 2015",293,293,293,293,293,1
"Feb 19, 2015",290.6,291.05,290.6,291.05,291.05,119
"Feb 18, 2015",290.95,291.3,290.95,291.3,291.3,61
"Feb 13, 2015",288.9,288.9,288.9,288.9,288.9,1
"Feb 12, 2015",285,285,285,285,285,5
"Feb 6, 2015",290,295,290,295,295,10
"Feb 4, 2015",270,270,270,270,270,3
"Feb 2, 2015",250,250,250,250,250,4
"Jan 27, 2015",230,230,230,230,230,30
"Jan 22, 2015",252,252,252,252,252,36
"Jan 20, 2015",281,281,280,280,280,11
"Jan 16, 2015",278.5,278.5,278.5,278.5,278.5,2
"Jan 15, 2015",281,281,281,281,281,5
"Jan 14, 2015",273.75,273.75,273.75,273.75,273.75,4
"Jan 13, 2015",277,277,277,277,277,3
"Jan 12, 2015",276,276,276,276,276,5
"Jan 9, 2015",275,275,275,275,275,1
"Jan 8, 2015",274,274,272.5,272.5,272.5,8
"Jan 7, 2015",271,271,271,271,271,5
"Jan 6, 2015",273.1,273.1,273.1,273.1,273.1,5
"Jan 2, 2015",280,280,280,280,280,5
"Dec 31, 2014",275,275,275,275,275,5
"Dec 30, 2014",274.5,274.5,274.5,274.5,274.5,5
"Dec 29, 2014",275,275,275,275,275,5
"Dec 23, 2014",277,277,277,277,277,5
"Dec 22, 2014",280,280,280,280,280,5
"Dec 19, 2014",274.15,274.15,274.15,274.15,274.15,5
"Dec 18, 2014",271.5,271.5,271.5,271.5,271.5,5
"Dec 8, 2014",271,271,271,271,271,5
"Dec 5, 2014",275,280,275,280,280,10
"Dec 1, 2014",287,287,287,287,287,3
"Nov 26, 2014",284.5,284.5,284.5,284.5,284.5,5
"Nov 21, 2014",283,283,283,283,283,3
"Nov 20, 2014",281.5,281.5,281.5,281.5,281.5,2
"Nov 19, 2014",310.2,310.2,280.5,285.45,285.45,6
"Nov 18, 2014",282,282,282,282,282,3
"Nov 14, 2014",281,281,281,281,281,5
"Nov 13, 2014",270,270,265,265,265,15
"Nov 12, 2014",279.5,279.5,279.5,279.5,279.5,5
"Nov 11, 2014",279.5,279.5,279.5,279.5,279.5,4
"Nov 10, 2014",278.5,278.5,278.5,278.5,278.5,5
"Nov 7, 2014",279,279,279,279,279,5
"Nov 5, 2014",280.6,280.6,280.6,280.6,280.6,5
"Oct 30, 2014",264,264,264,264,264,73
"Oct 21, 2014",264,264,264,264,264,1
